source_id,source,branch,target,target_id,multiplicity_fraction,route,rule_derived
0,d1:r0:podd:b0,retarded,d1:r0:peven:b2,2,1,VISIBLE,yes
1,d1:r0:peven:b1,retarded,d1:r0:peven:b2,2,1,VISIBLE,yes
2,d1:r0:peven:b2,retarded,d1:r0:peven:b2,2,1,VISIBLE,yes
3,d1:r1:podd:b0,retarded,d1:r1:peven:b2,5,1,VISIBLE,yes
4,d1:r1:peven:b1,retarded,d1:r1:peven:b2,5,1,VISIBLE,yes
5,d1:r1:peven:b2,retarded,d1:r1:peven:b2,5,1,VISIBLE,yes
6,d1:r2:podd:b0,retarded,d1:r2:peven:b2,8,1,VISIBLE,yes
6,d1:r2:podd:b0,advanced,Q_K:DEPTH_ZERO,,1,TAIL_DEPTH_ZERO,yes
7,d1:r2:peven:b1,retarded,d1:r2:peven:b2,8,1,VISIBLE,yes
7,d1:r2:peven:b1,advanced,Q_K:DEPTH_ZERO,,1,TAIL_DEPTH_ZERO,yes
8,d1:r2:peven:b2,retarded,d1:r2:peven:b2,8,1,VISIBLE,yes
8,d1:r2:peven:b2,advanced,Q_K:DEPTH_ZERO,,1,TAIL_DEPTH_ZERO,yes
9,d2:r0:podd:b0,retarded,d2:r0:peven:b2,11,1,VISIBLE,yes
10,d2:r0:peven:b1,retarded,d2:r0:peven:b2,11,1,VISIBLE,yes
11,d2:r0:peven:b2,retarded,d2:r0:peven:b2,11,1,VISIBLE,yes
12,d2:r1:podd:b0,retarded,d2:r4:peven:b2,23,1,VISIBLE,yes
13,d2:r1:peven:b1,retarded,d2:r4:peven:b2,23,1,VISIBLE,yes
14,d2:r1:peven:b2,retarded,d2:r4:peven:b2,23,1,VISIBLE,yes
15,d2:r2:podd:b0,retarded,d2:r8:peven:b2,35,1,VISIBLE,yes
15,d2:r2:podd:b0,advanced,d1:r1:podd:b0,3,1/1,VISIBLE,yes
16,d2:r2:peven:b1,retarded,d2:r8:peven:b2,35,1,VISIBLE,yes
16,d2:r2:peven:b1,advanced,d1:r1:podd:b0,3,1/1,VISIBLE,yes
17,d2:r2:peven:b2,retarded,d2:r8:peven:b2,35,1,VISIBLE,yes
17,d2:r2:peven:b2,advanced,d1:r1:podd:b0,3,1/1,VISIBLE,yes
18,d2:r3:podd:b0,retarded,d2:r3:peven:b2,20,1,VISIBLE,yes
19,d2:r3:peven:b1,retarded,d2:r3:peven:b2,20,1,VISIBLE,yes
20,d2:r3:peven:b2,retarded,d2:r3:peven:b2,20,1,VISIBLE,yes
21,d2:r4:podd:b0,retarded,d2:r7:peven:b2,32,1,VISIBLE,yes
22,d2:r4:peven:b1,retarded,d2:r7:peven:b2,32,1,VISIBLE,yes
23,d2:r4:peven:b2,retarded,d2:r7:peven:b2,32,1,VISIBLE,yes
24,d2:r5:podd:b0,retarded,d2:r2:peven:b2,17,1,VISIBLE,yes
24,d2:r5:podd:b0,advanced,d1:r0:podd:b0,0,1/1,VISIBLE,yes
25,d2:r5:peven:b1,retarded,d2:r2:peven:b2,17,1,VISIBLE,yes
25,d2:r5:peven:b1,advanced,d1:r0:podd:b0,0,1/1,VISIBLE,yes
26,d2:r5:peven:b2,retarded,d2:r2:peven:b2,17,1,VISIBLE,yes
26,d2:r5:peven:b2,advanced,d1:r0:podd:b0,0,1/1,VISIBLE,yes
27,d2:r6:podd:b0,retarded,d2:r6:peven:b2,29,1,VISIBLE,yes
28,d2:r6:peven:b1,retarded,d2:r6:peven:b2,29,1,VISIBLE,yes
29,d2:r6:peven:b2,retarded,d2:r6:peven:b2,29,1,VISIBLE,yes
30,d2:r7:podd:b0,retarded,d2:r1:peven:b2,14,1,VISIBLE,yes
31,d2:r7:peven:b1,retarded,d2:r1:peven:b2,14,1,VISIBLE,yes
32,d2:r7:peven:b2,retarded,d2:r1:peven:b2,14,1,VISIBLE,yes
33,d2:r8:podd:b0,retarded,d2:r5:peven:b2,26,1,VISIBLE,yes
33,d2:r8:podd:b0,advanced,d1:r2:podd:b0,6,1/1,VISIBLE,yes
34,d2:r8:peven:b1,retarded,d2:r5:peven:b2,26,1,VISIBLE,yes
34,d2:r8:peven:b1,advanced,d1:r2:podd:b0,6,1/1,VISIBLE,yes
35,d2:r8:peven:b2,retarded,d2:r5:peven:b2,26,1,VISIBLE,yes
35,d2:r8:peven:b2,advanced,d1:r2:podd:b0,6,1/1,VISIBLE,yes
36,d3:r0:podd:b0,retarded,d3:r0:peven:b2,38,1,VISIBLE,yes
37,d3:r0:peven:b1,retarded,d3:r0:peven:b2,38,1,VISIBLE,yes
38,d3:r0:peven:b2,retarded,d3:r0:peven:b2,38,1,VISIBLE,yes
39,d3:r1:podd:b0,retarded,d3:r4:peven:b2,50,1,VISIBLE,yes
40,d3:r1:peven:b1,retarded,d3:r4:peven:b2,50,1,VISIBLE,yes
41,d3:r1:peven:b2,retarded,d3:r4:peven:b2,50,1,VISIBLE,yes
42,d3:r2:podd:b0,retarded,d3:r8:peven:b2,62,1,VISIBLE,yes
42,d3:r2:podd:b0,advanced,d2:r1:podd:b0,12,1/1,VISIBLE,yes
43,d3:r2:peven:b1,retarded,d3:r8:peven:b2,62,1,VISIBLE,yes
43,d3:r2:peven:b1,advanced,d2:r1:podd:b0,12,1/1,VISIBLE,yes
44,d3:r2:peven:b2,retarded,d3:r8:peven:b2,62,1,VISIBLE,yes
44,d3:r2:peven:b2,advanced,d2:r1:podd:b0,12,1/1,VISIBLE,yes
45,d3:r3:podd:b0,retarded,d3:r12:peven:b2,74,1,VISIBLE,yes
46,d3:r3:peven:b1,retarded,d3:r12:peven:b2,74,1,VISIBLE,yes
47,d3:r3:peven:b2,retarded,d3:r12:peven:b2,74,1,VISIBLE,yes
48,d3:r4:podd:b0,retarded,d3:r16:peven:b2,86,1,VISIBLE,yes
49,d3:r4:peven:b1,retarded,d3:r16:peven:b2,86,1,VISIBLE,yes
50,d3:r4:peven:b2,retarded,d3:r16:peven:b2,86,1,VISIBLE,yes
51,d3:r5:podd:b0,retarded,d3:r20:peven:b2,98,1,VISIBLE,yes
51,d3:r5:podd:b0,advanced,d2:r3:podd:b0,18,1/1,VISIBLE,yes
52,d3:r5:peven:b1,retarded,d3:r20:peven:b2,98,1,VISIBLE,yes
52,d3:r5:peven:b1,advanced,d2:r3:podd:b0,18,1/1,VISIBLE,yes
53,d3:r5:peven:b2,retarded,d3:r20:peven:b2,98,1,VISIBLE,yes
53,d3:r5:peven:b2,advanced,d2:r3:podd:b0,18,1/1,VISIBLE,yes
54,d3:r6:podd:b0,retarded,d3:r24:peven:b2,110,1,VISIBLE,yes
55,d3:r6:peven:b1,retarded,d3:r24:peven:b2,110,1,VISIBLE,yes
56,d3:r6:peven:b2,retarded,d3:r24:peven:b2,110,1,VISIBLE,yes
57,d3:r7:podd:b0,retarded,d3:r1:peven:b2,41,1,VISIBLE,yes
58,d3:r7:peven:b1,retarded,d3:r1:peven:b2,41,1,VISIBLE,yes
59,d3:r7:peven:b2,retarded,d3:r1:peven:b2,41,1,VISIBLE,yes
60,d3:r8:podd:b0,retarded,d3:r5:peven:b2,53,1,VISIBLE,yes
60,d3:r8:podd:b0,advanced,d2:r5:podd:b0,24,1/1,VISIBLE,yes
61,d3:r8:peven:b1,retarded,d3:r5:peven:b2,53,1,VISIBLE,yes
61,d3:r8:peven:b1,advanced,d2:r5:podd:b0,24,1/1,VISIBLE,yes
62,d3:r8:peven:b2,retarded,d3:r5:peven:b2,53,1,VISIBLE,yes
62,d3:r8:peven:b2,advanced,d2:r5:podd:b0,24,1/1,VISIBLE,yes
63,d3:r9:podd:b0,retarded,d3:r9:peven:b2,65,1,VISIBLE,yes
64,d3:r9:peven:b1,retarded,d3:r9:peven:b2,65,1,VISIBLE,yes
65,d3:r9:peven:b2,retarded,d3:r9:peven:b2,65,1,VISIBLE,yes
66,d3:r10:podd:b0,retarded,d3:r13:peven:b2,77,1,VISIBLE,yes
67,d3:r10:peven:b1,retarded,d3:r13:peven:b2,77,1,VISIBLE,yes
68,d3:r10:peven:b2,retarded,d3:r13:peven:b2,77,1,VISIBLE,yes
69,d3:r11:podd:b0,retarded,d3:r17:peven:b2,89,1,VISIBLE,yes
69,d3:r11:podd:b0,advanced,d2:r7:podd:b0,30,1/1,VISIBLE,yes
70,d3:r11:peven:b1,retarded,d3:r17:peven:b2,89,1,VISIBLE,yes
70,d3:r11:peven:b1,advanced,d2:r7:podd:b0,30,1/1,VISIBLE,yes
71,d3:r11:peven:b2,retarded,d3:r17:peven:b2,89,1,VISIBLE,yes
71,d3:r11:peven:b2,advanced,d2:r7:podd:b0,30,1/1,VISIBLE,yes
72,d3:r12:podd:b0,retarded,d3:r21:peven:b2,101,1,VISIBLE,yes
73,d3:r12:peven:b1,retarded,d3:r21:peven:b2,101,1,VISIBLE,yes
74,d3:r12:peven:b2,retarded,d3:r21:peven:b2,101,1,VISIBLE,yes
75,d3:r13:podd:b0,retarded,d3:r25:peven:b2,113,1,VISIBLE,yes
76,d3:r13:peven:b1,retarded,d3:r25:peven:b2,113,1,VISIBLE,yes
77,d3:r13:peven:b2,retarded,d3:r25:peven:b2,113,1,VISIBLE,yes
78,d3:r14:podd:b0,retarded,d3:r2:peven:b2,44,1,VISIBLE,yes
78,d3:r14:podd:b0,advanced,d2:r0:podd:b0,9,1/1,VISIBLE,yes
79,d3:r14:peven:b1,retarded,d3:r2:peven:b2,44,1,VISIBLE,yes
79,d3:r14:peven:b1,advanced,d2:r0:podd:b0,9,1/1,VISIBLE,yes
80,d3:r14:peven:b2,retarded,d3:r2:peven:b2,44,1,VISIBLE,yes
80,d3:r14:peven:b2,advanced,d2:r0:podd:b0,9,1/1,VISIBLE,yes
81,d3:r15:podd:b0,retarded,d3:r6:peven:b2,56,1,VISIBLE,yes
82,d3:r15:peven:b1,retarded,d3:r6:peven:b2,56,1,VISIBLE,yes
83,d3:r15:peven:b2,retarded,d3:r6:peven:b2,56,1,VISIBLE,yes
84,d3:r16:podd:b0,retarded,d3:r10:peven:b2,68,1,VISIBLE,yes
85,d3:r16:peven:b1,retarded,d3:r10:peven:b2,68,1,VISIBLE,yes
86,d3:r16:peven:b2,retarded,d3:r10:peven:b2,68,1,VISIBLE,yes
87,d3:r17:podd:b0,retarded,d3:r14:peven:b2,80,1,VISIBLE,yes
87,d3:r17:podd:b0,advanced,d2:r2:podd:b0,15,1/1,VISIBLE,yes
88,d3:r17:peven:b1,retarded,d3:r14:peven:b2,80,1,VISIBLE,yes
88,d3:r17:peven:b1,advanced,d2:r2:podd:b0,15,1/1,VISIBLE,yes
89,d3:r17:peven:b2,retarded,d3:r14:peven:b2,80,1,VISIBLE,yes
89,d3:r17:peven:b2,advanced,d2:r2:podd:b0,15,1/1,VISIBLE,yes
90,d3:r18:podd:b0,retarded,d3:r18:peven:b2,92,1,VISIBLE,yes
91,d3:r18:peven:b1,retarded,d3:r18:peven:b2,92,1,VISIBLE,yes
92,d3:r18:peven:b2,retarded,d3:r18:peven:b2,92,1,VISIBLE,yes
93,d3:r19:podd:b0,retarded,d3:r22:peven:b2,104,1,VISIBLE,yes
94,d3:r19:peven:b1,retarded,d3:r22:peven:b2,104,1,VISIBLE,yes
95,d3:r19:peven:b2,retarded,d3:r22:peven:b2,104,1,VISIBLE,yes
96,d3:r20:podd:b0,retarded,d3:r26:peven:b2,116,1,VISIBLE,yes
96,d3:r20:podd:b0,advanced,d2:r4:podd:b0,21,1/1,VISIBLE,yes
97,d3:r20:peven:b1,retarded,d3:r26:peven:b2,116,1,VISIBLE,yes
97,d3:r20:peven:b1,advanced,d2:r4:podd:b0,21,1/1,VISIBLE,yes
98,d3:r20:peven:b2,retarded,d3:r26:peven:b2,116,1,VISIBLE,yes
98,d3:r20:peven:b2,advanced,d2:r4:podd:b0,21,1/1,VISIBLE,yes
99,d3:r21:podd:b0,retarded,d3:r3:peven:b2,47,1,VISIBLE,yes
100,d3:r21:peven:b1,retarded,d3:r3:peven:b2,47,1,VISIBLE,yes
101,d3:r21:peven:b2,retarded,d3:r3:peven:b2,47,1,VISIBLE,yes
102,d3:r22:podd:b0,retarded,d3:r7:peven:b2,59,1,VISIBLE,yes
103,d3:r22:peven:b1,retarded,d3:r7:peven:b2,59,1,VISIBLE,yes
104,d3:r22:peven:b2,retarded,d3:r7:peven:b2,59,1,VISIBLE,yes
105,d3:r23:podd:b0,retarded,d3:r11:peven:b2,71,1,VISIBLE,yes
105,d3:r23:podd:b0,advanced,d2:r6:podd:b0,27,1/1,VISIBLE,yes
106,d3:r23:peven:b1,retarded,d3:r11:peven:b2,71,1,VISIBLE,yes
106,d3:r23:peven:b1,advanced,d2:r6:podd:b0,27,1/1,VISIBLE,yes
107,d3:r23:peven:b2,retarded,d3:r11:peven:b2,71,1,VISIBLE,yes
107,d3:r23:peven:b2,advanced,d2:r6:podd:b0,27,1/1,VISIBLE,yes
108,d3:r24:podd:b0,retarded,d3:r15:peven:b2,83,1,VISIBLE,yes
109,d3:r24:peven:b1,retarded,d3:r15:peven:b2,83,1,VISIBLE,yes
110,d3:r24:peven:b2,retarded,d3:r15:peven:b2,83,1,VISIBLE,yes
111,d3:r25:podd:b0,retarded,d3:r19:peven:b2,95,1,VISIBLE,yes
112,d3:r25:peven:b1,retarded,d3:r19:peven:b2,95,1,VISIBLE,yes
113,d3:r25:peven:b2,retarded,d3:r19:peven:b2,95,1,VISIBLE,yes
114,d3:r26:podd:b0,retarded,d3:r23:peven:b2,107,1,VISIBLE,yes
114,d3:r26:podd:b0,advanced,d2:r8:podd:b0,33,1/1,VISIBLE,yes
115,d3:r26:peven:b1,retarded,d3:r23:peven:b2,107,1,VISIBLE,yes
115,d3:r26:peven:b1,advanced,d2:r8:podd:b0,33,1/1,VISIBLE,yes
116,d3:r26:peven:b2,retarded,d3:r23:peven:b2,107,1,VISIBLE,yes
116,d3:r26:peven:b2,advanced,d2:r8:podd:b0,33,1/1,VISIBLE,yes
117,d4:r0:podd:b0,retarded,d4:r0:peven:b2,119,1,VISIBLE,yes
118,d4:r0:peven:b1,retarded,d4:r0:peven:b2,119,1,VISIBLE,yes
119,d4:r0:peven:b2,retarded,d4:r0:peven:b2,119,1,VISIBLE,yes
120,d4:r1:podd:b0,retarded,d4:r4:peven:b2,131,1,VISIBLE,yes
121,d4:r1:peven:b1,retarded,d4:r4:peven:b2,131,1,VISIBLE,yes
122,d4:r1:peven:b2,retarded,d4:r4:peven:b2,131,1,VISIBLE,yes
123,d4:r2:podd:b0,retarded,d4:r8:peven:b2,143,1,VISIBLE,yes
123,d4:r2:podd:b0,advanced,d3:r1:podd:b0,39,1/1,VISIBLE,yes
124,d4:r2:peven:b1,retarded,d4:r8:peven:b2,143,1,VISIBLE,yes
124,d4:r2:peven:b1,advanced,d3:r1:podd:b0,39,1/1,VISIBLE,yes
125,d4:r2:peven:b2,retarded,d4:r8:peven:b2,143,1,VISIBLE,yes
125,d4:r2:peven:b2,advanced,d3:r1:podd:b0,39,1/1,VISIBLE,yes
126,d4:r3:podd:b0,retarded,d4:r12:peven:b2,155,1,VISIBLE,yes
127,d4:r3:peven:b1,retarded,d4:r12:peven:b2,155,1,VISIBLE,yes
128,d4:r3:peven:b2,retarded,d4:r12:peven:b2,155,1,VISIBLE,yes
129,d4:r4:podd:b0,retarded,d4:r16:peven:b2,167,1,VISIBLE,yes
130,d4:r4:peven:b1,retarded,d4:r16:peven:b2,167,1,VISIBLE,yes
131,d4:r4:peven:b2,retarded,d4:r16:peven:b2,167,1,VISIBLE,yes
132,d4:r5:podd:b0,retarded,d4:r20:peven:b2,179,1,VISIBLE,yes
132,d4:r5:podd:b0,advanced,d3:r3:podd:b0,45,1/1,VISIBLE,yes
133,d4:r5:peven:b1,retarded,d4:r20:peven:b2,179,1,VISIBLE,yes
133,d4:r5:peven:b1,advanced,d3:r3:podd:b0,45,1/1,VISIBLE,yes
134,d4:r5:peven:b2,retarded,d4:r20:peven:b2,179,1,VISIBLE,yes
134,d4:r5:peven:b2,advanced,d3:r3:podd:b0,45,1/1,VISIBLE,yes
135,d4:r6:podd:b0,retarded,d4:r24:peven:b2,191,1,VISIBLE,yes
136,d4:r6:peven:b1,retarded,d4:r24:peven:b2,191,1,VISIBLE,yes
137,d4:r6:peven:b2,retarded,d4:r24:peven:b2,191,1,VISIBLE,yes
138,d4:r7:podd:b0,retarded,d4:r28:peven:b2,203,1,VISIBLE,yes
139,d4:r7:peven:b1,retarded,d4:r28:peven:b2,203,1,VISIBLE,yes
140,d4:r7:peven:b2,retarded,d4:r28:peven:b2,203,1,VISIBLE,yes
141,d4:r8:podd:b0,retarded,d4:r32:peven:b2,215,1,VISIBLE,yes
141,d4:r8:podd:b0,advanced,d3:r5:podd:b0,51,1/1,VISIBLE,yes
142,d4:r8:peven:b1,retarded,d4:r32:peven:b2,215,1,VISIBLE,yes
142,d4:r8:peven:b1,advanced,d3:r5:podd:b0,51,1/1,VISIBLE,yes
143,d4:r8:peven:b2,retarded,d4:r32:peven:b2,215,1,VISIBLE,yes
143,d4:r8:peven:b2,advanced,d3:r5:podd:b0,51,1/1,VISIBLE,yes
144,d4:r9:podd:b0,retarded,d4:r36:peven:b2,227,1,VISIBLE,yes
145,d4:r9:peven:b1,retarded,d4:r36:peven:b2,227,1,VISIBLE,yes
146,d4:r9:peven:b2,retarded,d4:r36:peven:b2,227,1,VISIBLE,yes
147,d4:r10:podd:b0,retarded,d4:r40:peven:b2,239,1,VISIBLE,yes
148,d4:r10:peven:b1,retarded,d4:r40:peven:b2,239,1,VISIBLE,yes
149,d4:r10:peven:b2,retarded,d4:r40:peven:b2,239,1,VISIBLE,yes
150,d4:r11:podd:b0,retarded,d4:r44:peven:b2,251,1,VISIBLE,yes
150,d4:r11:podd:b0,advanced,d3:r7:podd:b0,57,1/1,VISIBLE,yes
151,d4:r11:peven:b1,retarded,d4:r44:peven:b2,251,1,VISIBLE,yes
151,d4:r11:peven:b1,advanced,d3:r7:podd:b0,57,1/1,VISIBLE,yes
152,d4:r11:peven:b2,retarded,d4:r44:peven:b2,251,1,VISIBLE,yes
152,d4:r11:peven:b2,advanced,d3:r7:podd:b0,57,1/1,VISIBLE,yes
153,d4:r12:podd:b0,retarded,d4:r48:peven:b2,263,1,VISIBLE,yes
154,d4:r12:peven:b1,retarded,d4:r48:peven:b2,263,1,VISIBLE,yes
155,d4:r12:peven:b2,retarded,d4:r48:peven:b2,263,1,VISIBLE,yes
156,d4:r13:podd:b0,retarded,d4:r52:peven:b2,275,1,VISIBLE,yes
157,d4:r13:peven:b1,retarded,d4:r52:peven:b2,275,1,VISIBLE,yes
158,d4:r13:peven:b2,retarded,d4:r52:peven:b2,275,1,VISIBLE,yes
159,d4:r14:podd:b0,retarded,d4:r56:peven:b2,287,1,VISIBLE,yes
159,d4:r14:podd:b0,advanced,d3:r9:podd:b0,63,1/1,VISIBLE,yes
160,d4:r14:peven:b1,retarded,d4:r56:peven:b2,287,1,VISIBLE,yes
160,d4:r14:peven:b1,advanced,d3:r9:podd:b0,63,1/1,VISIBLE,yes
161,d4:r14:peven:b2,retarded,d4:r56:peven:b2,287,1,VISIBLE,yes
161,d4:r14:peven:b2,advanced,d3:r9:podd:b0,63,1/1,VISIBLE,yes
162,d4:r15:podd:b0,retarded,d4:r60:peven:b2,299,1,VISIBLE,yes
163,d4:r15:peven:b1,retarded,d4:r60:peven:b2,299,1,VISIBLE,yes
164,d4:r15:peven:b2,retarded,d4:r60:peven:b2,299,1,VISIBLE,yes
165,d4:r16:podd:b0,retarded,d4:r64:peven:b2,311,1,VISIBLE,yes
166,d4:r16:peven:b1,retarded,d4:r64:peven:b2,311,1,VISIBLE,yes
167,d4:r16:peven:b2,retarded,d4:r64:peven:b2,311,1,VISIBLE,yes
168,d4:r17:podd:b0,retarded,d4:r68:peven:b2,323,1,VISIBLE,yes
168,d4:r17:podd:b0,advanced,d3:r11:podd:b0,69,1/1,VISIBLE,yes
169,d4:r17:peven:b1,retarded,d4:r68:peven:b2,323,1,VISIBLE,yes
169,d4:r17:peven:b1,advanced,d3:r11:podd:b0,69,1/1,VISIBLE,yes
170,d4:r17:peven:b2,retarded,d4:r68:peven:b2,323,1,VISIBLE,yes
170,d4:r17:peven:b2,advanced,d3:r11:podd:b0,69,1/1,VISIBLE,yes
171,d4:r18:podd:b0,retarded,d4:r72:peven:b2,335,1,VISIBLE,yes
172,d4:r18:peven:b1,retarded,d4:r72:peven:b2,335,1,VISIBLE,yes
173,d4:r18:peven:b2,retarded,d4:r72:peven:b2,335,1,VISIBLE,yes
174,d4:r19:podd:b0,retarded,d4:r76:peven:b2,347,1,VISIBLE,yes
175,d4:r19:peven:b1,retarded,d4:r76:peven:b2,347,1,VISIBLE,yes
176,d4:r19:peven:b2,retarded,d4:r76:peven:b2,347,1,VISIBLE,yes
177,d4:r20:podd:b0,retarded,d4:r80:peven:b2,359,1,VISIBLE,yes
177,d4:r20:podd:b0,advanced,d3:r13:podd:b0,75,1/1,VISIBLE,yes
178,d4:r20:peven:b1,retarded,d4:r80:peven:b2,359,1,VISIBLE,yes
178,d4:r20:peven:b1,advanced,d3:r13:podd:b0,75,1/1,VISIBLE,yes
179,d4:r20:peven:b2,retarded,d4:r80:peven:b2,359,1,VISIBLE,yes
179,d4:r20:peven:b2,advanced,d3:r13:podd:b0,75,1/1,VISIBLE,yes
180,d4:r21:podd:b0,retarded,d4:r3:peven:b2,128,1,VISIBLE,yes
181,d4:r21:peven:b1,retarded,d4:r3:peven:b2,128,1,VISIBLE,yes
182,d4:r21:peven:b2,retarded,d4:r3:peven:b2,128,1,VISIBLE,yes
183,d4:r22:podd:b0,retarded,d4:r7:peven:b2,140,1,VISIBLE,yes
184,d4:r22:peven:b1,retarded,d4:r7:peven:b2,140,1,VISIBLE,yes
185,d4:r22:peven:b2,retarded,d4:r7:peven:b2,140,1,VISIBLE,yes
186,d4:r23:podd:b0,retarded,d4:r11:peven:b2,152,1,VISIBLE,yes
186,d4:r23:podd:b0,advanced,d3:r15:podd:b0,81,1/1,VISIBLE,yes
187,d4:r23:peven:b1,retarded,d4:r11:peven:b2,152,1,VISIBLE,yes
187,d4:r23:peven:b1,advanced,d3:r15:podd:b0,81,1/1,VISIBLE,yes
188,d4:r23:peven:b2,retarded,d4:r11:peven:b2,152,1,VISIBLE,yes
188,d4:r23:peven:b2,advanced,d3:r15:podd:b0,81,1/1,VISIBLE,yes
189,d4:r24:podd:b0,retarded,d4:r15:peven:b2,164,1,VISIBLE,yes
190,d4:r24:peven:b1,retarded,d4:r15:peven:b2,164,1,VISIBLE,yes
191,d4:r24:peven:b2,retarded,d4:r15:peven:b2,164,1,VISIBLE,yes
192,d4:r25:podd:b0,retarded,d4:r19:peven:b2,176,1,VISIBLE,yes
193,d4:r25:peven:b1,retarded,d4:r19:peven:b2,176,1,VISIBLE,yes
194,d4:r25:peven:b2,retarded,d4:r19:peven:b2,176,1,VISIBLE,yes
195,d4:r26:podd:b0,retarded,d4:r23:peven:b2,188,1,VISIBLE,yes
195,d4:r26:podd:b0,advanced,d3:r17:podd:b0,87,1/1,VISIBLE,yes
196,d4:r26:peven:b1,retarded,d4:r23:peven:b2,188,1,VISIBLE,yes
196,d4:r26:peven:b1,advanced,d3:r17:podd:b0,87,1/1,VISIBLE,yes
197,d4:r26:peven:b2,retarded,d4:r23:peven:b2,188,1,VISIBLE,yes
197,d4:r26:peven:b2,advanced,d3:r17:podd:b0,87,1/1,VISIBLE,yes
198,d4:r27:podd:b0,retarded,d4:r27:peven:b2,200,1,VISIBLE,yes
199,d4:r27:peven:b1,retarded,d4:r27:peven:b2,200,1,VISIBLE,yes
200,d4:r27:peven:b2,retarded,d4:r27:peven:b2,200,1,VISIBLE,yes
201,d4:r28:podd:b0,retarded,d4:r31:peven:b2,212,1,VISIBLE,yes
202,d4:r28:peven:b1,retarded,d4:r31:peven:b2,212,1,VISIBLE,yes
203,d4:r28:peven:b2,retarded,d4:r31:peven:b2,212,1,VISIBLE,yes
204,d4:r29:podd:b0,retarded,d4:r35:peven:b2,224,1,VISIBLE,yes
204,d4:r29:podd:b0,advanced,d3:r19:podd:b0,93,1/1,VISIBLE,yes
205,d4:r29:peven:b1,retarded,d4:r35:peven:b2,224,1,VISIBLE,yes
205,d4:r29:peven:b1,advanced,d3:r19:podd:b0,93,1/1,VISIBLE,yes
206,d4:r29:peven:b2,retarded,d4:r35:peven:b2,224,1,VISIBLE,yes
206,d4:r29:peven:b2,advanced,d3:r19:podd:b0,93,1/1,VISIBLE,yes
207,d4:r30:podd:b0,retarded,d4:r39:peven:b2,236,1,VISIBLE,yes
208,d4:r30:peven:b1,retarded,d4:r39:peven:b2,236,1,VISIBLE,yes
209,d4:r30:peven:b2,retarded,d4:r39:peven:b2,236,1,VISIBLE,yes
210,d4:r31:podd:b0,retarded,d4:r43:peven:b2,248,1,VISIBLE,yes
211,d4:r31:peven:b1,retarded,d4:r43:peven:b2,248,1,VISIBLE,yes
212,d4:r31:peven:b2,retarded,d4:r43:peven:b2,248,1,VISIBLE,yes
213,d4:r32:podd:b0,retarded,d4:r47:peven:b2,260,1,VISIBLE,yes
213,d4:r32:podd:b0,advanced,d3:r21:podd:b0,99,1/1,VISIBLE,yes
214,d4:r32:peven:b1,retarded,d4:r47:peven:b2,260,1,VISIBLE,yes
214,d4:r32:peven:b1,advanced,d3:r21:podd:b0,99,1/1,VISIBLE,yes
215,d4:r32:peven:b2,retarded,d4:r47:peven:b2,260,1,VISIBLE,yes
215,d4:r32:peven:b2,advanced,d3:r21:podd:b0,99,1/1,VISIBLE,yes
216,d4:r33:podd:b0,retarded,d4:r51:peven:b2,272,1,VISIBLE,yes
217,d4:r33:peven:b1,retarded,d4:r51:peven:b2,272,1,VISIBLE,yes
218,d4:r33:peven:b2,retarded,d4:r51:peven:b2,272,1,VISIBLE,yes
219,d4:r34:podd:b0,retarded,d4:r55:peven:b2,284,1,VISIBLE,yes
220,d4:r34:peven:b1,retarded,d4:r55:peven:b2,284,1,VISIBLE,yes
221,d4:r34:peven:b2,retarded,d4:r55:peven:b2,284,1,VISIBLE,yes
222,d4:r35:podd:b0,retarded,d4:r59:peven:b2,296,1,VISIBLE,yes
222,d4:r35:podd:b0,advanced,d3:r23:podd:b0,105,1/1,VISIBLE,yes
223,d4:r35:peven:b1,retarded,d4:r59:peven:b2,296,1,VISIBLE,yes
223,d4:r35:peven:b1,advanced,d3:r23:podd:b0,105,1/1,VISIBLE,yes
224,d4:r35:peven:b2,retarded,d4:r59:peven:b2,296,1,VISIBLE,yes
224,d4:r35:peven:b2,advanced,d3:r23:podd:b0,105,1/1,VISIBLE,yes
225,d4:r36:podd:b0,retarded,d4:r63:peven:b2,308,1,VISIBLE,yes
226,d4:r36:peven:b1,retarded,d4:r63:peven:b2,308,1,VISIBLE,yes
227,d4:r36:peven:b2,retarded,d4:r63:peven:b2,308,1,VISIBLE,yes
228,d4:r37:podd:b0,retarded,d4:r67:peven:b2,320,1,VISIBLE,yes
229,d4:r37:peven:b1,retarded,d4:r67:peven:b2,320,1,VISIBLE,yes
230,d4:r37:peven:b2,retarded,d4:r67:peven:b2,320,1,VISIBLE,yes
231,d4:r38:podd:b0,retarded,d4:r71:peven:b2,332,1,VISIBLE,yes
231,d4:r38:podd:b0,advanced,d3:r25:podd:b0,111,1/1,VISIBLE,yes
232,d4:r38:peven:b1,retarded,d4:r71:peven:b2,332,1,VISIBLE,yes
232,d4:r38:peven:b1,advanced,d3:r25:podd:b0,111,1/1,VISIBLE,yes
233,d4:r38:peven:b2,retarded,d4:r71:peven:b2,332,1,VISIBLE,yes
233,d4:r38:peven:b2,advanced,d3:r25:podd:b0,111,1/1,VISIBLE,yes
234,d4:r39:podd:b0,retarded,d4:r75:peven:b2,344,1,VISIBLE,yes
235,d4:r39:peven:b1,retarded,d4:r75:peven:b2,344,1,VISIBLE,yes
236,d4:r39:peven:b2,retarded,d4:r75:peven:b2,344,1,VISIBLE,yes
237,d4:r40:podd:b0,retarded,d4:r79:peven:b2,356,1,VISIBLE,yes
238,d4:r40:peven:b1,retarded,d4:r79:peven:b2,356,1,VISIBLE,yes
239,d4:r40:peven:b2,retarded,d4:r79:peven:b2,356,1,VISIBLE,yes
240,d4:r41:podd:b0,retarded,d4:r2:peven:b2,125,1,VISIBLE,yes
240,d4:r41:podd:b0,advanced,d3:r0:podd:b0,36,1/1,VISIBLE,yes
241,d4:r41:peven:b1,retarded,d4:r2:peven:b2,125,1,VISIBLE,yes
241,d4:r41:peven:b1,advanced,d3:r0:podd:b0,36,1/1,VISIBLE,yes
242,d4:r41:peven:b2,retarded,d4:r2:peven:b2,125,1,VISIBLE,yes
242,d4:r41:peven:b2,advanced,d3:r0:podd:b0,36,1/1,VISIBLE,yes
243,d4:r42:podd:b0,retarded,d4:r6:peven:b2,137,1,VISIBLE,yes
244,d4:r42:peven:b1,retarded,d4:r6:peven:b2,137,1,VISIBLE,yes
245,d4:r42:peven:b2,retarded,d4:r6:peven:b2,137,1,VISIBLE,yes
246,d4:r43:podd:b0,retarded,d4:r10:peven:b2,149,1,VISIBLE,yes
247,d4:r43:peven:b1,retarded,d4:r10:peven:b2,149,1,VISIBLE,yes
248,d4:r43:peven:b2,retarded,d4:r10:peven:b2,149,1,VISIBLE,yes
249,d4:r44:podd:b0,retarded,d4:r14:peven:b2,161,1,VISIBLE,yes
249,d4:r44:podd:b0,advanced,d3:r2:podd:b0,42,1/1,VISIBLE,yes
250,d4:r44:peven:b1,retarded,d4:r14:peven:b2,161,1,VISIBLE,yes
250,d4:r44:peven:b1,advanced,d3:r2:podd:b0,42,1/1,VISIBLE,yes
251,d4:r44:peven:b2,retarded,d4:r14:peven:b2,161,1,VISIBLE,yes
251,d4:r44:peven:b2,advanced,d3:r2:podd:b0,42,1/1,VISIBLE,yes
252,d4:r45:podd:b0,retarded,d4:r18:peven:b2,173,1,VISIBLE,yes
253,d4:r45:peven:b1,retarded,d4:r18:peven:b2,173,1,VISIBLE,yes
254,d4:r45:peven:b2,retarded,d4:r18:peven:b2,173,1,VISIBLE,yes
255,d4:r46:podd:b0,retarded,d4:r22:peven:b2,185,1,VISIBLE,yes
256,d4:r46:peven:b1,retarded,d4:r22:peven:b2,185,1,VISIBLE,yes
257,d4:r46:peven:b2,retarded,d4:r22:peven:b2,185,1,VISIBLE,yes
258,d4:r47:podd:b0,retarded,d4:r26:peven:b2,197,1,VISIBLE,yes
258,d4:r47:podd:b0,advanced,d3:r4:podd:b0,48,1/1,VISIBLE,yes
259,d4:r47:peven:b1,retarded,d4:r26:peven:b2,197,1,VISIBLE,yes
259,d4:r47:peven:b1,advanced,d3:r4:podd:b0,48,1/1,VISIBLE,yes
260,d4:r47:peven:b2,retarded,d4:r26:peven:b2,197,1,VISIBLE,yes
260,d4:r47:peven:b2,advanced,d3:r4:podd:b0,48,1/1,VISIBLE,yes
261,d4:r48:podd:b0,retarded,d4:r30:peven:b2,209,1,VISIBLE,yes
262,d4:r48:peven:b1,retarded,d4:r30:peven:b2,209,1,VISIBLE,yes
263,d4:r48:peven:b2,retarded,d4:r30:peven:b2,209,1,VISIBLE,yes
264,d4:r49:podd:b0,retarded,d4:r34:peven:b2,221,1,VISIBLE,yes
265,d4:r49:peven:b1,retarded,d4:r34:peven:b2,221,1,VISIBLE,yes
266,d4:r49:peven:b2,retarded,d4:r34:peven:b2,221,1,VISIBLE,yes
267,d4:r50:podd:b0,retarded,d4:r38:peven:b2,233,1,VISIBLE,yes
267,d4:r50:podd:b0,advanced,d3:r6:podd:b0,54,1/1,VISIBLE,yes
268,d4:r50:peven:b1,retarded,d4:r38:peven:b2,233,1,VISIBLE,yes
268,d4:r50:peven:b1,advanced,d3:r6:podd:b0,54,1/1,VISIBLE,yes
269,d4:r50:peven:b2,retarded,d4:r38:peven:b2,233,1,VISIBLE,yes
269,d4:r50:peven:b2,advanced,d3:r6:podd:b0,54,1/1,VISIBLE,yes
270,d4:r51:podd:b0,retarded,d4:r42:peven:b2,245,1,VISIBLE,yes
271,d4:r51:peven:b1,retarded,d4:r42:peven:b2,245,1,VISIBLE,yes
272,d4:r51:peven:b2,retarded,d4:r42:peven:b2,245,1,VISIBLE,yes
273,d4:r52:podd:b0,retarded,d4:r46:peven:b2,257,1,VISIBLE,yes
274,d4:r52:peven:b1,retarded,d4:r46:peven:b2,257,1,VISIBLE,yes
275,d4:r52:peven:b2,retarded,d4:r46:peven:b2,257,1,VISIBLE,yes
276,d4:r53:podd:b0,retarded,d4:r50:peven:b2,269,1,VISIBLE,yes
276,d4:r53:podd:b0,advanced,d3:r8:podd:b0,60,1/1,VISIBLE,yes
277,d4:r53:peven:b1,retarded,d4:r50:peven:b2,269,1,VISIBLE,yes
277,d4:r53:peven:b1,advanced,d3:r8:podd:b0,60,1/1,VISIBLE,yes
278,d4:r53:peven:b2,retarded,d4:r50:peven:b2,269,1,VISIBLE,yes
278,d4:r53:peven:b2,advanced,d3:r8:podd:b0,60,1/1,VISIBLE,yes
279,d4:r54:podd:b0,retarded,d4:r54:peven:b2,281,1,VISIBLE,yes
280,d4:r54:peven:b1,retarded,d4:r54:peven:b2,281,1,VISIBLE,yes
281,d4:r54:peven:b2,retarded,d4:r54:peven:b2,281,1,VISIBLE,yes
282,d4:r55:podd:b0,retarded,d4:r58:peven:b2,293,1,VISIBLE,yes
283,d4:r55:peven:b1,retarded,d4:r58:peven:b2,293,1,VISIBLE,yes
284,d4:r55:peven:b2,retarded,d4:r58:peven:b2,293,1,VISIBLE,yes
285,d4:r56:podd:b0,retarded,d4:r62:peven:b2,305,1,VISIBLE,yes
285,d4:r56:podd:b0,advanced,d3:r10:podd:b0,66,1/1,VISIBLE,yes
286,d4:r56:peven:b1,retarded,d4:r62:peven:b2,305,1,VISIBLE,yes
286,d4:r56:peven:b1,advanced,d3:r10:podd:b0,66,1/1,VISIBLE,yes
287,d4:r56:peven:b2,retarded,d4:r62:peven:b2,305,1,VISIBLE,yes
287,d4:r56:peven:b2,advanced,d3:r10:podd:b0,66,1/1,VISIBLE,yes
288,d4:r57:podd:b0,retarded,d4:r66:peven:b2,317,1,VISIBLE,yes
289,d4:r57:peven:b1,retarded,d4:r66:peven:b2,317,1,VISIBLE,yes
290,d4:r57:peven:b2,retarded,d4:r66:peven:b2,317,1,VISIBLE,yes
291,d4:r58:podd:b0,retarded,d4:r70:peven:b2,329,1,VISIBLE,yes
292,d4:r58:peven:b1,retarded,d4:r70:peven:b2,329,1,VISIBLE,yes
293,d4:r58:peven:b2,retarded,d4:r70:peven:b2,329,1,VISIBLE,yes
294,d4:r59:podd:b0,retarded,d4:r74:peven:b2,341,1,VISIBLE,yes
294,d4:r59:podd:b0,advanced,d3:r12:podd:b0,72,1/1,VISIBLE,yes
295,d4:r59:peven:b1,retarded,d4:r74:peven:b2,341,1,VISIBLE,yes
295,d4:r59:peven:b1,advanced,d3:r12:podd:b0,72,1/1,VISIBLE,yes
296,d4:r59:peven:b2,retarded,d4:r74:peven:b2,341,1,VISIBLE,yes
296,d4:r59:peven:b2,advanced,d3:r12:podd:b0,72,1/1,VISIBLE,yes
297,d4:r60:podd:b0,retarded,d4:r78:peven:b2,353,1,VISIBLE,yes
298,d4:r60:peven:b1,retarded,d4:r78:peven:b2,353,1,VISIBLE,yes
299,d4:r60:peven:b2,retarded,d4:r78:peven:b2,353,1,VISIBLE,yes
300,d4:r61:podd:b0,retarded,d4:r1:peven:b2,122,1,VISIBLE,yes
301,d4:r61:peven:b1,retarded,d4:r1:peven:b2,122,1,VISIBLE,yes
302,d4:r61:peven:b2,retarded,d4:r1:peven:b2,122,1,VISIBLE,yes
303,d4:r62:podd:b0,retarded,d4:r5:peven:b2,134,1,VISIBLE,yes
303,d4:r62:podd:b0,advanced,d3:r14:podd:b0,78,1/1,VISIBLE,yes
304,d4:r62:peven:b1,retarded,d4:r5:peven:b2,134,1,VISIBLE,yes
304,d4:r62:peven:b1,advanced,d3:r14:podd:b0,78,1/1,VISIBLE,yes
305,d4:r62:peven:b2,retarded,d4:r5:peven:b2,134,1,VISIBLE,yes
305,d4:r62:peven:b2,advanced,d3:r14:podd:b0,78,1/1,VISIBLE,yes
306,d4:r63:podd:b0,retarded,d4:r9:peven:b2,146,1,VISIBLE,yes
307,d4:r63:peven:b1,retarded,d4:r9:peven:b2,146,1,VISIBLE,yes
308,d4:r63:peven:b2,retarded,d4:r9:peven:b2,146,1,VISIBLE,yes
309,d4:r64:podd:b0,retarded,d4:r13:peven:b2,158,1,VISIBLE,yes
310,d4:r64:peven:b1,retarded,d4:r13:peven:b2,158,1,VISIBLE,yes
311,d4:r64:peven:b2,retarded,d4:r13:peven:b2,158,1,VISIBLE,yes
312,d4:r65:podd:b0,retarded,d4:r17:peven:b2,170,1,VISIBLE,yes
312,d4:r65:podd:b0,advanced,d3:r16:podd:b0,84,1/1,VISIBLE,yes
313,d4:r65:peven:b1,retarded,d4:r17:peven:b2,170,1,VISIBLE,yes
313,d4:r65:peven:b1,advanced,d3:r16:podd:b0,84,1/1,VISIBLE,yes
314,d4:r65:peven:b2,retarded,d4:r17:peven:b2,170,1,VISIBLE,yes
314,d4:r65:peven:b2,advanced,d3:r16:podd:b0,84,1/1,VISIBLE,yes
315,d4:r66:podd:b0,retarded,d4:r21:peven:b2,182,1,VISIBLE,yes
316,d4:r66:peven:b1,retarded,d4:r21:peven:b2,182,1,VISIBLE,yes
317,d4:r66:peven:b2,retarded,d4:r21:peven:b2,182,1,VISIBLE,yes
318,d4:r67:podd:b0,retarded,d4:r25:peven:b2,194,1,VISIBLE,yes
319,d4:r67:peven:b1,retarded,d4:r25:peven:b2,194,1,VISIBLE,yes
320,d4:r67:peven:b2,retarded,d4:r25:peven:b2,194,1,VISIBLE,yes
321,d4:r68:podd:b0,retarded,d4:r29:peven:b2,206,1,VISIBLE,yes
321,d4:r68:podd:b0,advanced,d3:r18:podd:b0,90,1/1,VISIBLE,yes
322,d4:r68:peven:b1,retarded,d4:r29:peven:b2,206,1,VISIBLE,yes
322,d4:r68:peven:b1,advanced,d3:r18:podd:b0,90,1/1,VISIBLE,yes
323,d4:r68:peven:b2,retarded,d4:r29:peven:b2,206,1,VISIBLE,yes
323,d4:r68:peven:b2,advanced,d3:r18:podd:b0,90,1/1,VISIBLE,yes
324,d4:r69:podd:b0,retarded,d4:r33:peven:b2,218,1,VISIBLE,yes
325,d4:r69:peven:b1,retarded,d4:r33:peven:b2,218,1,VISIBLE,yes
326,d4:r69:peven:b2,retarded,d4:r33:peven:b2,218,1,VISIBLE,yes
327,d4:r70:podd:b0,retarded,d4:r37:peven:b2,230,1,VISIBLE,yes
328,d4:r70:peven:b1,retarded,d4:r37:peven:b2,230,1,VISIBLE,yes
329,d4:r70:peven:b2,retarded,d4:r37:peven:b2,230,1,VISIBLE,yes
330,d4:r71:podd:b0,retarded,d4:r41:peven:b2,242,1,VISIBLE,yes
330,d4:r71:podd:b0,advanced,d3:r20:podd:b0,96,1/1,VISIBLE,yes
331,d4:r71:peven:b1,retarded,d4:r41:peven:b2,242,1,VISIBLE,yes
331,d4:r71:peven:b1,advanced,d3:r20:podd:b0,96,1/1,VISIBLE,yes
332,d4:r71:peven:b2,retarded,d4:r41:peven:b2,242,1,VISIBLE,yes
332,d4:r71:peven:b2,advanced,d3:r20:podd:b0,96,1/1,VISIBLE,yes
333,d4:r72:podd:b0,retarded,d4:r45:peven:b2,254,1,VISIBLE,yes
334,d4:r72:peven:b1,retarded,d4:r45:peven:b2,254,1,VISIBLE,yes
335,d4:r72:peven:b2,retarded,d4:r45:peven:b2,254,1,VISIBLE,yes
336,d4:r73:podd:b0,retarded,d4:r49:peven:b2,266,1,VISIBLE,yes
337,d4:r73:peven:b1,retarded,d4:r49:peven:b2,266,1,VISIBLE,yes
338,d4:r73:peven:b2,retarded,d4:r49:peven:b2,266,1,VISIBLE,yes
339,d4:r74:podd:b0,retarded,d4:r53:peven:b2,278,1,VISIBLE,yes
339,d4:r74:podd:b0,advanced,d3:r22:podd:b0,102,1/1,VISIBLE,yes
340,d4:r74:peven:b1,retarded,d4:r53:peven:b2,278,1,VISIBLE,yes
340,d4:r74:peven:b1,advanced,d3:r22:podd:b0,102,1/1,VISIBLE,yes
341,d4:r74:peven:b2,retarded,d4:r53:peven:b2,278,1,VISIBLE,yes
341,d4:r74:peven:b2,advanced,d3:r22:podd:b0,102,1/1,VISIBLE,yes
342,d4:r75:podd:b0,retarded,d4:r57:peven:b2,290,1,VISIBLE,yes
343,d4:r75:peven:b1,retarded,d4:r57:peven:b2,290,1,VISIBLE,yes
344,d4:r75:peven:b2,retarded,d4:r57:peven:b2,290,1,VISIBLE,yes
345,d4:r76:podd:b0,retarded,d4:r61:peven:b2,302,1,VISIBLE,yes
346,d4:r76:peven:b1,retarded,d4:r61:peven:b2,302,1,VISIBLE,yes
347,d4:r76:peven:b2,retarded,d4:r61:peven:b2,302,1,VISIBLE,yes
348,d4:r77:podd:b0,retarded,d4:r65:peven:b2,314,1,VISIBLE,yes
348,d4:r77:podd:b0,advanced,d3:r24:podd:b0,108,1/1,VISIBLE,yes
349,d4:r77:peven:b1,retarded,d4:r65:peven:b2,314,1,VISIBLE,yes
349,d4:r77:peven:b1,advanced,d3:r24:podd:b0,108,1/1,VISIBLE,yes
350,d4:r77:peven:b2,retarded,d4:r65:peven:b2,314,1,VISIBLE,yes
350,d4:r77:peven:b2,advanced,d3:r24:podd:b0,108,1/1,VISIBLE,yes
351,d4:r78:podd:b0,retarded,d4:r69:peven:b2,326,1,VISIBLE,yes
352,d4:r78:peven:b1,retarded,d4:r69:peven:b2,326,1,VISIBLE,yes
353,d4:r78:peven:b2,retarded,d4:r69:peven:b2,326,1,VISIBLE,yes
354,d4:r79:podd:b0,retarded,d4:r73:peven:b2,338,1,VISIBLE,yes
355,d4:r79:peven:b1,retarded,d4:r73:peven:b2,338,1,VISIBLE,yes
356,d4:r79:peven:b2,retarded,d4:r73:peven:b2,338,1,VISIBLE,yes
357,d4:r80:podd:b0,retarded,d4:r77:peven:b2,350,1,VISIBLE,yes
357,d4:r80:podd:b0,advanced,d3:r26:podd:b0,114,1/1,VISIBLE,yes
358,d4:r80:peven:b1,retarded,d4:r77:peven:b2,350,1,VISIBLE,yes
358,d4:r80:peven:b1,advanced,d3:r26:podd:b0,114,1/1,VISIBLE,yes
359,d4:r80:peven:b2,retarded,d4:r77:peven:b2,350,1,VISIBLE,yes
359,d4:r80:peven:b2,advanced,d3:r26:podd:b0,114,1/1,VISIBLE,yes
360,d5:r0:podd:b0,retarded,d5:r0:peven:b2,362,1,VISIBLE,yes
361,d5:r0:peven:b1,retarded,d5:r0:peven:b2,362,1,VISIBLE,yes
362,d5:r0:peven:b2,retarded,d5:r0:peven:b2,362,1,VISIBLE,yes
363,d5:r1:podd:b0,retarded,d5:r4:peven:b2,374,1,VISIBLE,yes
364,d5:r1:peven:b1,retarded,d5:r4:peven:b2,374,1,VISIBLE,yes
365,d5:r1:peven:b2,retarded,d5:r4:peven:b2,374,1,VISIBLE,yes
366,d5:r2:podd:b0,retarded,d5:r8:peven:b2,386,1,VISIBLE,yes
366,d5:r2:podd:b0,advanced,d4:r1:podd:b0,120,1/1,VISIBLE,yes
367,d5:r2:peven:b1,retarded,d5:r8:peven:b2,386,1,VISIBLE,yes
367,d5:r2:peven:b1,advanced,d4:r1:podd:b0,120,1/1,VISIBLE,yes
368,d5:r2:peven:b2,retarded,d5:r8:peven:b2,386,1,VISIBLE,yes
368,d5:r2:peven:b2,advanced,d4:r1:podd:b0,120,1/1,VISIBLE,yes
369,d5:r3:podd:b0,retarded,d5:r12:peven:b2,398,1,VISIBLE,yes
370,d5:r3:peven:b1,retarded,d5:r12:peven:b2,398,1,VISIBLE,yes
371,d5:r3:peven:b2,retarded,d5:r12:peven:b2,398,1,VISIBLE,yes
372,d5:r4:podd:b0,retarded,d5:r16:peven:b2,410,1,VISIBLE,yes
373,d5:r4:peven:b1,retarded,d5:r16:peven:b2,410,1,VISIBLE,yes
374,d5:r4:peven:b2,retarded,d5:r16:peven:b2,410,1,VISIBLE,yes
375,d5:r5:podd:b0,retarded,d5:r20:peven:b2,422,1,VISIBLE,yes
375,d5:r5:podd:b0,advanced,d4:r3:podd:b0,126,1/1,VISIBLE,yes
376,d5:r5:peven:b1,retarded,d5:r20:peven:b2,422,1,VISIBLE,yes
376,d5:r5:peven:b1,advanced,d4:r3:podd:b0,126,1/1,VISIBLE,yes
377,d5:r5:peven:b2,retarded,d5:r20:peven:b2,422,1,VISIBLE,yes
377,d5:r5:peven:b2,advanced,d4:r3:podd:b0,126,1/1,VISIBLE,yes
378,d5:r6:podd:b0,retarded,d5:r24:peven:b2,434,1,VISIBLE,yes
379,d5:r6:peven:b1,retarded,d5:r24:peven:b2,434,1,VISIBLE,yes
380,d5:r6:peven:b2,retarded,d5:r24:peven:b2,434,1,VISIBLE,yes
381,d5:r7:podd:b0,retarded,d5:r28:peven:b2,446,1,VISIBLE,yes
382,d5:r7:peven:b1,retarded,d5:r28:peven:b2,446,1,VISIBLE,yes
383,d5:r7:peven:b2,retarded,d5:r28:peven:b2,446,1,VISIBLE,yes
384,d5:r8:podd:b0,retarded,d5:r32:peven:b2,458,1,VISIBLE,yes
384,d5:r8:podd:b0,advanced,d4:r5:podd:b0,132,1/1,VISIBLE,yes
385,d5:r8:peven:b1,retarded,d5:r32:peven:b2,458,1,VISIBLE,yes
385,d5:r8:peven:b1,advanced,d4:r5:podd:b0,132,1/1,VISIBLE,yes
386,d5:r8:peven:b2,retarded,d5:r32:peven:b2,458,1,VISIBLE,yes
386,d5:r8:peven:b2,advanced,d4:r5:podd:b0,132,1/1,VISIBLE,yes
387,d5:r9:podd:b0,retarded,d5:r36:peven:b2,470,1,VISIBLE,yes
388,d5:r9:peven:b1,retarded,d5:r36:peven:b2,470,1,VISIBLE,yes
389,d5:r9:peven:b2,retarded,d5:r36:peven:b2,470,1,VISIBLE,yes
390,d5:r10:podd:b0,retarded,d5:r40:peven:b2,482,1,VISIBLE,yes
391,d5:r10:peven:b1,retarded,d5:r40:peven:b2,482,1,VISIBLE,yes
392,d5:r10:peven:b2,retarded,d5:r40:peven:b2,482,1,VISIBLE,yes
393,d5:r11:podd:b0,retarded,d5:r44:peven:b2,494,1,VISIBLE,yes
393,d5:r11:podd:b0,advanced,d4:r7:podd:b0,138,1/1,VISIBLE,yes
394,d5:r11:peven:b1,retarded,d5:r44:peven:b2,494,1,VISIBLE,yes
394,d5:r11:peven:b1,advanced,d4:r7:podd:b0,138,1/1,VISIBLE,yes
395,d5:r11:peven:b2,retarded,d5:r44:peven:b2,494,1,VISIBLE,yes
395,d5:r11:peven:b2,advanced,d4:r7:podd:b0,138,1/1,VISIBLE,yes
396,d5:r12:podd:b0,retarded,d5:r48:peven:b2,506,1,VISIBLE,yes
397,d5:r12:peven:b1,retarded,d5:r48:peven:b2,506,1,VISIBLE,yes
398,d5:r12:peven:b2,retarded,d5:r48:peven:b2,506,1,VISIBLE,yes
399,d5:r13:podd:b0,retarded,d5:r52:peven:b2,518,1,VISIBLE,yes
400,d5:r13:peven:b1,retarded,d5:r52:peven:b2,518,1,VISIBLE,yes
401,d5:r13:peven:b2,retarded,d5:r52:peven:b2,518,1,VISIBLE,yes
402,d5:r14:podd:b0,retarded,d5:r56:peven:b2,530,1,VISIBLE,yes
402,d5:r14:podd:b0,advanced,d4:r9:podd:b0,144,1/1,VISIBLE,yes
403,d5:r14:peven:b1,retarded,d5:r56:peven:b2,530,1,VISIBLE,yes
403,d5:r14:peven:b1,advanced,d4:r9:podd:b0,144,1/1,VISIBLE,yes
404,d5:r14:peven:b2,retarded,d5:r56:peven:b2,530,1,VISIBLE,yes
404,d5:r14:peven:b2,advanced,d4:r9:podd:b0,144,1/1,VISIBLE,yes
405,d5:r15:podd:b0,retarded,d5:r60:peven:b2,542,1,VISIBLE,yes
406,d5:r15:peven:b1,retarded,d5:r60:peven:b2,542,1,VISIBLE,yes
407,d5:r15:peven:b2,retarded,d5:r60:peven:b2,542,1,VISIBLE,yes
408,d5:r16:podd:b0,retarded,d5:r64:peven:b2,554,1,VISIBLE,yes
409,d5:r16:peven:b1,retarded,d5:r64:peven:b2,554,1,VISIBLE,yes
410,d5:r16:peven:b2,retarded,d5:r64:peven:b2,554,1,VISIBLE,yes
411,d5:r17:podd:b0,retarded,d5:r68:peven:b2,566,1,VISIBLE,yes
411,d5:r17:podd:b0,advanced,d4:r11:podd:b0,150,1/1,VISIBLE,yes
412,d5:r17:peven:b1,retarded,d5:r68:peven:b2,566,1,VISIBLE,yes
412,d5:r17:peven:b1,advanced,d4:r11:podd:b0,150,1/1,VISIBLE,yes
413,d5:r17:peven:b2,retarded,d5:r68:peven:b2,566,1,VISIBLE,yes
413,d5:r17:peven:b2,advanced,d4:r11:podd:b0,150,1/1,VISIBLE,yes
414,d5:r18:podd:b0,retarded,d5:r72:peven:b2,578,1,VISIBLE,yes
415,d5:r18:peven:b1,retarded,d5:r72:peven:b2,578,1,VISIBLE,yes
416,d5:r18:peven:b2,retarded,d5:r72:peven:b2,578,1,VISIBLE,yes
417,d5:r19:podd:b0,retarded,d5:r76:peven:b2,590,1,VISIBLE,yes
418,d5:r19:peven:b1,retarded,d5:r76:peven:b2,590,1,VISIBLE,yes
419,d5:r19:peven:b2,retarded,d5:r76:peven:b2,590,1,VISIBLE,yes
420,d5:r20:podd:b0,retarded,d5:r80:peven:b2,602,1,VISIBLE,yes
420,d5:r20:podd:b0,advanced,d4:r13:podd:b0,156,1/1,VISIBLE,yes
421,d5:r20:peven:b1,retarded,d5:r80:peven:b2,602,1,VISIBLE,yes
421,d5:r20:peven:b1,advanced,d4:r13:podd:b0,156,1/1,VISIBLE,yes
422,d5:r20:peven:b2,retarded,d5:r80:peven:b2,602,1,VISIBLE,yes
422,d5:r20:peven:b2,advanced,d4:r13:podd:b0,156,1/1,VISIBLE,yes
423,d5:r21:podd:b0,retarded,d5:r84:peven:b2,614,1,VISIBLE,yes
424,d5:r21:peven:b1,retarded,d5:r84:peven:b2,614,1,VISIBLE,yes
425,d5:r21:peven:b2,retarded,d5:r84:peven:b2,614,1,VISIBLE,yes
426,d5:r22:podd:b0,retarded,d5:r88:peven:b2,626,1,VISIBLE,yes
427,d5:r22:peven:b1,retarded,d5:r88:peven:b2,626,1,VISIBLE,yes
428,d5:r22:peven:b2,retarded,d5:r88:peven:b2,626,1,VISIBLE,yes
429,d5:r23:podd:b0,retarded,d5:r92:peven:b2,638,1,VISIBLE,yes
429,d5:r23:podd:b0,advanced,d4:r15:podd:b0,162,1/1,VISIBLE,yes
430,d5:r23:peven:b1,retarded,d5:r92:peven:b2,638,1,VISIBLE,yes
430,d5:r23:peven:b1,advanced,d4:r15:podd:b0,162,1/1,VISIBLE,yes
431,d5:r23:peven:b2,retarded,d5:r92:peven:b2,638,1,VISIBLE,yes
431,d5:r23:peven:b2,advanced,d4:r15:podd:b0,162,1/1,VISIBLE,yes
432,d5:r24:podd:b0,retarded,d5:r96:peven:b2,650,1,VISIBLE,yes
433,d5:r24:peven:b1,retarded,d5:r96:peven:b2,650,1,VISIBLE,yes
434,d5:r24:peven:b2,retarded,d5:r96:peven:b2,650,1,VISIBLE,yes
435,d5:r25:podd:b0,retarded,d5:r100:peven:b2,662,1,VISIBLE,yes
436,d5:r25:peven:b1,retarded,d5:r100:peven:b2,662,1,VISIBLE,yes
437,d5:r25:peven:b2,retarded,d5:r100:peven:b2,662,1,VISIBLE,yes
438,d5:r26:podd:b0,retarded,d5:r104:peven:b2,674,1,VISIBLE,yes
438,d5:r26:podd:b0,advanced,d4:r17:podd:b0,168,1/1,VISIBLE,yes
439,d5:r26:peven:b1,retarded,d5:r104:peven:b2,674,1,VISIBLE,yes
439,d5:r26:peven:b1,advanced,d4:r17:podd:b0,168,1/1,VISIBLE,yes
440,d5:r26:peven:b2,retarded,d5:r104:peven:b2,674,1,VISIBLE,yes
440,d5:r26:peven:b2,advanced,d4:r17:podd:b0,168,1/1,VISIBLE,yes
441,d5:r27:podd:b0,retarded,d5:r108:peven:b2,686,1,VISIBLE,yes
442,d5:r27:peven:b1,retarded,d5:r108:peven:b2,686,1,VISIBLE,yes
443,d5:r27:peven:b2,retarded,d5:r108:peven:b2,686,1,VISIBLE,yes
444,d5:r28:podd:b0,retarded,d5:r112:peven:b2,698,1,VISIBLE,yes
445,d5:r28:peven:b1,retarded,d5:r112:peven:b2,698,1,VISIBLE,yes
446,d5:r28:peven:b2,retarded,d5:r112:peven:b2,698,1,VISIBLE,yes
447,d5:r29:podd:b0,retarded,d5:r116:peven:b2,710,1,VISIBLE,yes
447,d5:r29:podd:b0,advanced,d4:r19:podd:b0,174,1/1,VISIBLE,yes
448,d5:r29:peven:b1,retarded,d5:r116:peven:b2,710,1,VISIBLE,yes
448,d5:r29:peven:b1,advanced,d4:r19:podd:b0,174,1/1,VISIBLE,yes
449,d5:r29:peven:b2,retarded,d5:r116:peven:b2,710,1,VISIBLE,yes
449,d5:r29:peven:b2,advanced,d4:r19:podd:b0,174,1/1,VISIBLE,yes
450,d5:r30:podd:b0,retarded,d5:r120:peven:b2,722,1,VISIBLE,yes
451,d5:r30:peven:b1,retarded,d5:r120:peven:b2,722,1,VISIBLE,yes
452,d5:r30:peven:b2,retarded,d5:r120:peven:b2,722,1,VISIBLE,yes
453,d5:r31:podd:b0,retarded,d5:r124:peven:b2,734,1,VISIBLE,yes
454,d5:r31:peven:b1,retarded,d5:r124:peven:b2,734,1,VISIBLE,yes
455,d5:r31:peven:b2,retarded,d5:r124:peven:b2,734,1,VISIBLE,yes
456,d5:r32:podd:b0,retarded,d5:r128:peven:b2,746,1,VISIBLE,yes
456,d5:r32:podd:b0,advanced,d4:r21:podd:b0,180,1/1,VISIBLE,yes
457,d5:r32:peven:b1,retarded,d5:r128:peven:b2,746,1,VISIBLE,yes
457,d5:r32:peven:b1,advanced,d4:r21:podd:b0,180,1/1,VISIBLE,yes
458,d5:r32:peven:b2,retarded,d5:r128:peven:b2,746,1,VISIBLE,yes
458,d5:r32:peven:b2,advanced,d4:r21:podd:b0,180,1/1,VISIBLE,yes
459,d5:r33:podd:b0,retarded,d5:r132:peven:b2,758,1,VISIBLE,yes
460,d5:r33:peven:b1,retarded,d5:r132:peven:b2,758,1,VISIBLE,yes
461,d5:r33:peven:b2,retarded,d5:r132:peven:b2,758,1,VISIBLE,yes
462,d5:r34:podd:b0,retarded,d5:r136:peven:b2,770,1,VISIBLE,yes
463,d5:r34:peven:b1,retarded,d5:r136:peven:b2,770,1,VISIBLE,yes
464,d5:r34:peven:b2,retarded,d5:r136:peven:b2,770,1,VISIBLE,yes
465,d5:r35:podd:b0,retarded,d5:r140:peven:b2,782,1,VISIBLE,yes
465,d5:r35:podd:b0,advanced,d4:r23:podd:b0,186,1/1,VISIBLE,yes
466,d5:r35:peven:b1,retarded,d5:r140:peven:b2,782,1,VISIBLE,yes
466,d5:r35:peven:b1,advanced,d4:r23:podd:b0,186,1/1,VISIBLE,yes
467,d5:r35:peven:b2,retarded,d5:r140:peven:b2,782,1,VISIBLE,yes
467,d5:r35:peven:b2,advanced,d4:r23:podd:b0,186,1/1,VISIBLE,yes
468,d5:r36:podd:b0,retarded,d5:r144:peven:b2,794,1,VISIBLE,yes
469,d5:r36:peven:b1,retarded,d5:r144:peven:b2,794,1,VISIBLE,yes
470,d5:r36:peven:b2,retarded,d5:r144:peven:b2,794,1,VISIBLE,yes
471,d5:r37:podd:b0,retarded,d5:r148:peven:b2,806,1,VISIBLE,yes
472,d5:r37:peven:b1,retarded,d5:r148:peven:b2,806,1,VISIBLE,yes
473,d5:r37:peven:b2,retarded,d5:r148:peven:b2,806,1,VISIBLE,yes
474,d5:r38:podd:b0,retarded,d5:r152:peven:b2,818,1,VISIBLE,yes
474,d5:r38:podd:b0,advanced,d4:r25:podd:b0,192,1/1,VISIBLE,yes
475,d5:r38:peven:b1,retarded,d5:r152:peven:b2,818,1,VISIBLE,yes
475,d5:r38:peven:b1,advanced,d4:r25:podd:b0,192,1/1,VISIBLE,yes
476,d5:r38:peven:b2,retarded,d5:r152:peven:b2,818,1,VISIBLE,yes
476,d5:r38:peven:b2,advanced,d4:r25:podd:b0,192,1/1,VISIBLE,yes
477,d5:r39:podd:b0,retarded,d5:r156:peven:b2,830,1,VISIBLE,yes
478,d5:r39:peven:b1,retarded,d5:r156:peven:b2,830,1,VISIBLE,yes
479,d5:r39:peven:b2,retarded,d5:r156:peven:b2,830,1,VISIBLE,yes
480,d5:r40:podd:b0,retarded,d5:r160:peven:b2,842,1,VISIBLE,yes
481,d5:r40:peven:b1,retarded,d5:r160:peven:b2,842,1,VISIBLE,yes
482,d5:r40:peven:b2,retarded,d5:r160:peven:b2,842,1,VISIBLE,yes
483,d5:r41:podd:b0,retarded,d5:r164:peven:b2,854,1,VISIBLE,yes
483,d5:r41:podd:b0,advanced,d4:r27:podd:b0,198,1/1,VISIBLE,yes
484,d5:r41:peven:b1,retarded,d5:r164:peven:b2,854,1,VISIBLE,yes
484,d5:r41:peven:b1,advanced,d4:r27:podd:b0,198,1/1,VISIBLE,yes
485,d5:r41:peven:b2,retarded,d5:r164:peven:b2,854,1,VISIBLE,yes
485,d5:r41:peven:b2,advanced,d4:r27:podd:b0,198,1/1,VISIBLE,yes
486,d5:r42:podd:b0,retarded,d5:r168:peven:b2,866,1,VISIBLE,yes
487,d5:r42:peven:b1,retarded,d5:r168:peven:b2,866,1,VISIBLE,yes
488,d5:r42:peven:b2,retarded,d5:r168:peven:b2,866,1,VISIBLE,yes
489,d5:r43:podd:b0,retarded,d5:r172:peven:b2,878,1,VISIBLE,yes
490,d5:r43:peven:b1,retarded,d5:r172:peven:b2,878,1,VISIBLE,yes
491,d5:r43:peven:b2,retarded,d5:r172:peven:b2,878,1,VISIBLE,yes
492,d5:r44:podd:b0,retarded,d5:r176:peven:b2,890,1,VISIBLE,yes
492,d5:r44:podd:b0,advanced,d4:r29:podd:b0,204,1/1,VISIBLE,yes
493,d5:r44:peven:b1,retarded,d5:r176:peven:b2,890,1,VISIBLE,yes
493,d5:r44:peven:b1,advanced,d4:r29:podd:b0,204,1/1,VISIBLE,yes
494,d5:r44:peven:b2,retarded,d5:r176:peven:b2,890,1,VISIBLE,yes
494,d5:r44:peven:b2,advanced,d4:r29:podd:b0,204,1/1,VISIBLE,yes
495,d5:r45:podd:b0,retarded,d5:r180:peven:b2,902,1,VISIBLE,yes
496,d5:r45:peven:b1,retarded,d5:r180:peven:b2,902,1,VISIBLE,yes
497,d5:r45:peven:b2,retarded,d5:r180:peven:b2,902,1,VISIBLE,yes
498,d5:r46:podd:b0,retarded,d5:r184:peven:b2,914,1,VISIBLE,yes
499,d5:r46:peven:b1,retarded,d5:r184:peven:b2,914,1,VISIBLE,yes
500,d5:r46:peven:b2,retarded,d5:r184:peven:b2,914,1,VISIBLE,yes
501,d5:r47:podd:b0,retarded,d5:r188:peven:b2,926,1,VISIBLE,yes
501,d5:r47:podd:b0,advanced,d4:r31:podd:b0,210,1/1,VISIBLE,yes
502,d5:r47:peven:b1,retarded,d5:r188:peven:b2,926,1,VISIBLE,yes
502,d5:r47:peven:b1,advanced,d4:r31:podd:b0,210,1/1,VISIBLE,yes
503,d5:r47:peven:b2,retarded,d5:r188:peven:b2,926,1,VISIBLE,yes
503,d5:r47:peven:b2,advanced,d4:r31:podd:b0,210,1/1,VISIBLE,yes
504,d5:r48:podd:b0,retarded,d5:r192:peven:b2,938,1,VISIBLE,yes
505,d5:r48:peven:b1,retarded,d5:r192:peven:b2,938,1,VISIBLE,yes
506,d5:r48:peven:b2,retarded,d5:r192:peven:b2,938,1,VISIBLE,yes
507,d5:r49:podd:b0,retarded,d5:r196:peven:b2,950,1,VISIBLE,yes
508,d5:r49:peven:b1,retarded,d5:r196:peven:b2,950,1,VISIBLE,yes
509,d5:r49:peven:b2,retarded,d5:r196:peven:b2,950,1,VISIBLE,yes
510,d5:r50:podd:b0,retarded,d5:r200:peven:b2,962,1,VISIBLE,yes
510,d5:r50:podd:b0,advanced,d4:r33:podd:b0,216,1/1,VISIBLE,yes
511,d5:r50:peven:b1,retarded,d5:r200:peven:b2,962,1,VISIBLE,yes
511,d5:r50:peven:b1,advanced,d4:r33:podd:b0,216,1/1,VISIBLE,yes
512,d5:r50:peven:b2,retarded,d5:r200:peven:b2,962,1,VISIBLE,yes
512,d5:r50:peven:b2,advanced,d4:r33:podd:b0,216,1/1,VISIBLE,yes
513,d5:r51:podd:b0,retarded,d5:r204:peven:b2,974,1,VISIBLE,yes
514,d5:r51:peven:b1,retarded,d5:r204:peven:b2,974,1,VISIBLE,yes
515,d5:r51:peven:b2,retarded,d5:r204:peven:b2,974,1,VISIBLE,yes
516,d5:r52:podd:b0,retarded,d5:r208:peven:b2,986,1,VISIBLE,yes
517,d5:r52:peven:b1,retarded,d5:r208:peven:b2,986,1,VISIBLE,yes
518,d5:r52:peven:b2,retarded,d5:r208:peven:b2,986,1,VISIBLE,yes
519,d5:r53:podd:b0,retarded,d5:r212:peven:b2,998,1,VISIBLE,yes
519,d5:r53:podd:b0,advanced,d4:r35:podd:b0,222,1/1,VISIBLE,yes
520,d5:r53:peven:b1,retarded,d5:r212:peven:b2,998,1,VISIBLE,yes
520,d5:r53:peven:b1,advanced,d4:r35:podd:b0,222,1/1,VISIBLE,yes
521,d5:r53:peven:b2,retarded,d5:r212:peven:b2,998,1,VISIBLE,yes
521,d5:r53:peven:b2,advanced,d4:r35:podd:b0,222,1/1,VISIBLE,yes
522,d5:r54:podd:b0,retarded,d5:r216:peven:b2,1010,1,VISIBLE,yes
523,d5:r54:peven:b1,retarded,d5:r216:peven:b2,1010,1,VISIBLE,yes
524,d5:r54:peven:b2,retarded,d5:r216:peven:b2,1010,1,VISIBLE,yes
525,d5:r55:podd:b0,retarded,d5:r220:peven:b2,1022,1,VISIBLE,yes
526,d5:r55:peven:b1,retarded,d5:r220:peven:b2,1022,1,VISIBLE,yes
527,d5:r55:peven:b2,retarded,d5:r220:peven:b2,1022,1,VISIBLE,yes
528,d5:r56:podd:b0,retarded,d5:r224:peven:b2,1034,1,VISIBLE,yes
528,d5:r56:podd:b0,advanced,d4:r37:podd:b0,228,1/1,VISIBLE,yes
529,d5:r56:peven:b1,retarded,d5:r224:peven:b2,1034,1,VISIBLE,yes
529,d5:r56:peven:b1,advanced,d4:r37:podd:b0,228,1/1,VISIBLE,yes
530,d5:r56:peven:b2,retarded,d5:r224:peven:b2,1034,1,VISIBLE,yes
530,d5:r56:peven:b2,advanced,d4:r37:podd:b0,228,1/1,VISIBLE,yes
531,d5:r57:podd:b0,retarded,d5:r228:peven:b2,1046,1,VISIBLE,yes
532,d5:r57:peven:b1,retarded,d5:r228:peven:b2,1046,1,VISIBLE,yes
533,d5:r57:peven:b2,retarded,d5:r228:peven:b2,1046,1,VISIBLE,yes
534,d5:r58:podd:b0,retarded,d5:r232:peven:b2,1058,1,VISIBLE,yes
535,d5:r58:peven:b1,retarded,d5:r232:peven:b2,1058,1,VISIBLE,yes
536,d5:r58:peven:b2,retarded,d5:r232:peven:b2,1058,1,VISIBLE,yes
537,d5:r59:podd:b0,retarded,d5:r236:peven:b2,1070,1,VISIBLE,yes
537,d5:r59:podd:b0,advanced,d4:r39:podd:b0,234,1/1,VISIBLE,yes
538,d5:r59:peven:b1,retarded,d5:r236:peven:b2,1070,1,VISIBLE,yes
538,d5:r59:peven:b1,advanced,d4:r39:podd:b0,234,1/1,VISIBLE,yes
539,d5:r59:peven:b2,retarded,d5:r236:peven:b2,1070,1,VISIBLE,yes
539,d5:r59:peven:b2,advanced,d4:r39:podd:b0,234,1/1,VISIBLE,yes
540,d5:r60:podd:b0,retarded,d5:r240:peven:b2,1082,1,VISIBLE,yes
541,d5:r60:peven:b1,retarded,d5:r240:peven:b2,1082,1,VISIBLE,yes
542,d5:r60:peven:b2,retarded,d5:r240:peven:b2,1082,1,VISIBLE,yes
543,d5:r61:podd:b0,retarded,d5:r1:peven:b2,365,1,VISIBLE,yes
544,d5:r61:peven:b1,retarded,d5:r1:peven:b2,365,1,VISIBLE,yes
545,d5:r61:peven:b2,retarded,d5:r1:peven:b2,365,1,VISIBLE,yes
546,d5:r62:podd:b0,retarded,d5:r5:peven:b2,377,1,VISIBLE,yes
546,d5:r62:podd:b0,advanced,d4:r41:podd:b0,240,1/1,VISIBLE,yes
547,d5:r62:peven:b1,retarded,d5:r5:peven:b2,377,1,VISIBLE,yes
547,d5:r62:peven:b1,advanced,d4:r41:podd:b0,240,1/1,VISIBLE,yes
548,d5:r62:peven:b2,retarded,d5:r5:peven:b2,377,1,VISIBLE,yes
548,d5:r62:peven:b2,advanced,d4:r41:podd:b0,240,1/1,VISIBLE,yes
549,d5:r63:podd:b0,retarded,d5:r9:peven:b2,389,1,VISIBLE,yes
550,d5:r63:peven:b1,retarded,d5:r9:peven:b2,389,1,VISIBLE,yes
551,d5:r63:peven:b2,retarded,d5:r9:peven:b2,389,1,VISIBLE,yes
552,d5:r64:podd:b0,retarded,d5:r13:peven:b2,401,1,VISIBLE,yes
553,d5:r64:peven:b1,retarded,d5:r13:peven:b2,401,1,VISIBLE,yes
554,d5:r64:peven:b2,retarded,d5:r13:peven:b2,401,1,VISIBLE,yes
555,d5:r65:podd:b0,retarded,d5:r17:peven:b2,413,1,VISIBLE,yes
555,d5:r65:podd:b0,advanced,d4:r43:podd:b0,246,1/1,VISIBLE,yes
556,d5:r65:peven:b1,retarded,d5:r17:peven:b2,413,1,VISIBLE,yes
556,d5:r65:peven:b1,advanced,d4:r43:podd:b0,246,1/1,VISIBLE,yes
557,d5:r65:peven:b2,retarded,d5:r17:peven:b2,413,1,VISIBLE,yes
557,d5:r65:peven:b2,advanced,d4:r43:podd:b0,246,1/1,VISIBLE,yes
558,d5:r66:podd:b0,retarded,d5:r21:peven:b2,425,1,VISIBLE,yes
559,d5:r66:peven:b1,retarded,d5:r21:peven:b2,425,1,VISIBLE,yes
560,d5:r66:peven:b2,retarded,d5:r21:peven:b2,425,1,VISIBLE,yes
561,d5:r67:podd:b0,retarded,d5:r25:peven:b2,437,1,VISIBLE,yes
562,d5:r67:peven:b1,retarded,d5:r25:peven:b2,437,1,VISIBLE,yes
563,d5:r67:peven:b2,retarded,d5:r25:peven:b2,437,1,VISIBLE,yes
564,d5:r68:podd:b0,retarded,d5:r29:peven:b2,449,1,VISIBLE,yes
564,d5:r68:podd:b0,advanced,d4:r45:podd:b0,252,1/1,VISIBLE,yes
565,d5:r68:peven:b1,retarded,d5:r29:peven:b2,449,1,VISIBLE,yes
565,d5:r68:peven:b1,advanced,d4:r45:podd:b0,252,1/1,VISIBLE,yes
566,d5:r68:peven:b2,retarded,d5:r29:peven:b2,449,1,VISIBLE,yes
566,d5:r68:peven:b2,advanced,d4:r45:podd:b0,252,1/1,VISIBLE,yes
567,d5:r69:podd:b0,retarded,d5:r33:peven:b2,461,1,VISIBLE,yes
568,d5:r69:peven:b1,retarded,d5:r33:peven:b2,461,1,VISIBLE,yes
569,d5:r69:peven:b2,retarded,d5:r33:peven:b2,461,1,VISIBLE,yes
570,d5:r70:podd:b0,retarded,d5:r37:peven:b2,473,1,VISIBLE,yes
571,d5:r70:peven:b1,retarded,d5:r37:peven:b2,473,1,VISIBLE,yes
572,d5:r70:peven:b2,retarded,d5:r37:peven:b2,473,1,VISIBLE,yes
573,d5:r71:podd:b0,retarded,d5:r41:peven:b2,485,1,VISIBLE,yes
573,d5:r71:podd:b0,advanced,d4:r47:podd:b0,258,1/1,VISIBLE,yes
574,d5:r71:peven:b1,retarded,d5:r41:peven:b2,485,1,VISIBLE,yes
574,d5:r71:peven:b1,advanced,d4:r47:podd:b0,258,1/1,VISIBLE,yes
575,d5:r71:peven:b2,retarded,d5:r41:peven:b2,485,1,VISIBLE,yes
575,d5:r71:peven:b2,advanced,d4:r47:podd:b0,258,1/1,VISIBLE,yes
576,d5:r72:podd:b0,retarded,d5:r45:peven:b2,497,1,VISIBLE,yes
577,d5:r72:peven:b1,retarded,d5:r45:peven:b2,497,1,VISIBLE,yes
578,d5:r72:peven:b2,retarded,d5:r45:peven:b2,497,1,VISIBLE,yes
579,d5:r73:podd:b0,retarded,d5:r49:peven:b2,509,1,VISIBLE,yes
580,d5:r73:peven:b1,retarded,d5:r49:peven:b2,509,1,VISIBLE,yes
581,d5:r73:peven:b2,retarded,d5:r49:peven:b2,509,1,VISIBLE,yes
582,d5:r74:podd:b0,retarded,d5:r53:peven:b2,521,1,VISIBLE,yes
582,d5:r74:podd:b0,advanced,d4:r49:podd:b0,264,1/1,VISIBLE,yes
583,d5:r74:peven:b1,retarded,d5:r53:peven:b2,521,1,VISIBLE,yes
583,d5:r74:peven:b1,advanced,d4:r49:podd:b0,264,1/1,VISIBLE,yes
584,d5:r74:peven:b2,retarded,d5:r53:peven:b2,521,1,VISIBLE,yes
584,d5:r74:peven:b2,advanced,d4:r49:podd:b0,264,1/1,VISIBLE,yes
585,d5:r75:podd:b0,retarded,d5:r57:peven:b2,533,1,VISIBLE,yes
586,d5:r75:peven:b1,retarded,d5:r57:peven:b2,533,1,VISIBLE,yes
587,d5:r75:peven:b2,retarded,d5:r57:peven:b2,533,1,VISIBLE,yes
588,d5:r76:podd:b0,retarded,d5:r61:peven:b2,545,1,VISIBLE,yes
589,d5:r76:peven:b1,retarded,d5:r61:peven:b2,545,1,VISIBLE,yes
590,d5:r76:peven:b2,retarded,d5:r61:peven:b2,545,1,VISIBLE,yes
591,d5:r77:podd:b0,retarded,d5:r65:peven:b2,557,1,VISIBLE,yes
591,d5:r77:podd:b0,advanced,d4:r51:podd:b0,270,1/1,VISIBLE,yes
592,d5:r77:peven:b1,retarded,d5:r65:peven:b2,557,1,VISIBLE,yes
592,d5:r77:peven:b1,advanced,d4:r51:podd:b0,270,1/1,VISIBLE,yes
593,d5:r77:peven:b2,retarded,d5:r65:peven:b2,557,1,VISIBLE,yes
593,d5:r77:peven:b2,advanced,d4:r51:podd:b0,270,1/1,VISIBLE,yes
594,d5:r78:podd:b0,retarded,d5:r69:peven:b2,569,1,VISIBLE,yes
595,d5:r78:peven:b1,retarded,d5:r69:peven:b2,569,1,VISIBLE,yes
596,d5:r78:peven:b2,retarded,d5:r69:peven:b2,569,1,VISIBLE,yes
597,d5:r79:podd:b0,retarded,d5:r73:peven:b2,581,1,VISIBLE,yes
598,d5:r79:peven:b1,retarded,d5:r73:peven:b2,581,1,VISIBLE,yes
599,d5:r79:peven:b2,retarded,d5:r73:peven:b2,581,1,VISIBLE,yes
600,d5:r80:podd:b0,retarded,d5:r77:peven:b2,593,1,VISIBLE,yes
600,d5:r80:podd:b0,advanced,d4:r53:podd:b0,276,1/1,VISIBLE,yes
601,d5:r80:peven:b1,retarded,d5:r77:peven:b2,593,1,VISIBLE,yes
601,d5:r80:peven:b1,advanced,d4:r53:podd:b0,276,1/1,VISIBLE,yes
602,d5:r80:peven:b2,retarded,d5:r77:peven:b2,593,1,VISIBLE,yes
602,d5:r80:peven:b2,advanced,d4:r53:podd:b0,276,1/1,VISIBLE,yes
603,d5:r81:podd:b0,retarded,d5:r81:peven:b2,605,1,VISIBLE,yes
604,d5:r81:peven:b1,retarded,d5:r81:peven:b2,605,1,VISIBLE,yes
605,d5:r81:peven:b2,retarded,d5:r81:peven:b2,605,1,VISIBLE,yes
606,d5:r82:podd:b0,retarded,d5:r85:peven:b2,617,1,VISIBLE,yes
607,d5:r82:peven:b1,retarded,d5:r85:peven:b2,617,1,VISIBLE,yes
608,d5:r82:peven:b2,retarded,d5:r85:peven:b2,617,1,VISIBLE,yes
609,d5:r83:podd:b0,retarded,d5:r89:peven:b2,629,1,VISIBLE,yes
609,d5:r83:podd:b0,advanced,d4:r55:podd:b0,282,1/1,VISIBLE,yes
610,d5:r83:peven:b1,retarded,d5:r89:peven:b2,629,1,VISIBLE,yes
610,d5:r83:peven:b1,advanced,d4:r55:podd:b0,282,1/1,VISIBLE,yes
611,d5:r83:peven:b2,retarded,d5:r89:peven:b2,629,1,VISIBLE,yes
611,d5:r83:peven:b2,advanced,d4:r55:podd:b0,282,1/1,VISIBLE,yes
612,d5:r84:podd:b0,retarded,d5:r93:peven:b2,641,1,VISIBLE,yes
613,d5:r84:peven:b1,retarded,d5:r93:peven:b2,641,1,VISIBLE,yes
614,d5:r84:peven:b2,retarded,d5:r93:peven:b2,641,1,VISIBLE,yes
615,d5:r85:podd:b0,retarded,d5:r97:peven:b2,653,1,VISIBLE,yes
616,d5:r85:peven:b1,retarded,d5:r97:peven:b2,653,1,VISIBLE,yes
617,d5:r85:peven:b2,retarded,d5:r97:peven:b2,653,1,VISIBLE,yes
618,d5:r86:podd:b0,retarded,d5:r101:peven:b2,665,1,VISIBLE,yes
618,d5:r86:podd:b0,advanced,d4:r57:podd:b0,288,1/1,VISIBLE,yes
619,d5:r86:peven:b1,retarded,d5:r101:peven:b2,665,1,VISIBLE,yes
619,d5:r86:peven:b1,advanced,d4:r57:podd:b0,288,1/1,VISIBLE,yes
620,d5:r86:peven:b2,retarded,d5:r101:peven:b2,665,1,VISIBLE,yes
620,d5:r86:peven:b2,advanced,d4:r57:podd:b0,288,1/1,VISIBLE,yes
621,d5:r87:podd:b0,retarded,d5:r105:peven:b2,677,1,VISIBLE,yes
622,d5:r87:peven:b1,retarded,d5:r105:peven:b2,677,1,VISIBLE,yes
623,d5:r87:peven:b2,retarded,d5:r105:peven:b2,677,1,VISIBLE,yes
624,d5:r88:podd:b0,retarded,d5:r109:peven:b2,689,1,VISIBLE,yes
625,d5:r88:peven:b1,retarded,d5:r109:peven:b2,689,1,VISIBLE,yes
626,d5:r88:peven:b2,retarded,d5:r109:peven:b2,689,1,VISIBLE,yes
627,d5:r89:podd:b0,retarded,d5:r113:peven:b2,701,1,VISIBLE,yes
627,d5:r89:podd:b0,advanced,d4:r59:podd:b0,294,1/1,VISIBLE,yes
628,d5:r89:peven:b1,retarded,d5:r113:peven:b2,701,1,VISIBLE,yes
628,d5:r89:peven:b1,advanced,d4:r59:podd:b0,294,1/1,VISIBLE,yes
629,d5:r89:peven:b2,retarded,d5:r113:peven:b2,701,1,VISIBLE,yes
629,d5:r89:peven:b2,advanced,d4:r59:podd:b0,294,1/1,VISIBLE,yes
630,d5:r90:podd:b0,retarded,d5:r117:peven:b2,713,1,VISIBLE,yes
631,d5:r90:peven:b1,retarded,d5:r117:peven:b2,713,1,VISIBLE,yes
632,d5:r90:peven:b2,retarded,d5:r117:peven:b2,713,1,VISIBLE,yes
633,d5:r91:podd:b0,retarded,d5:r121:peven:b2,725,1,VISIBLE,yes
634,d5:r91:peven:b1,retarded,d5:r121:peven:b2,725,1,VISIBLE,yes
635,d5:r91:peven:b2,retarded,d5:r121:peven:b2,725,1,VISIBLE,yes
636,d5:r92:podd:b0,retarded,d5:r125:peven:b2,737,1,VISIBLE,yes
636,d5:r92:podd:b0,advanced,d4:r61:podd:b0,300,1/1,VISIBLE,yes
637,d5:r92:peven:b1,retarded,d5:r125:peven:b2,737,1,VISIBLE,yes
637,d5:r92:peven:b1,advanced,d4:r61:podd:b0,300,1/1,VISIBLE,yes
638,d5:r92:peven:b2,retarded,d5:r125:peven:b2,737,1,VISIBLE,yes
638,d5:r92:peven:b2,advanced,d4:r61:podd:b0,300,1/1,VISIBLE,yes
639,d5:r93:podd:b0,retarded,d5:r129:peven:b2,749,1,VISIBLE,yes
640,d5:r93:peven:b1,retarded,d5:r129:peven:b2,749,1,VISIBLE,yes
641,d5:r93:peven:b2,retarded,d5:r129:peven:b2,749,1,VISIBLE,yes
642,d5:r94:podd:b0,retarded,d5:r133:peven:b2,761,1,VISIBLE,yes
643,d5:r94:peven:b1,retarded,d5:r133:peven:b2,761,1,VISIBLE,yes
644,d5:r94:peven:b2,retarded,d5:r133:peven:b2,761,1,VISIBLE,yes
645,d5:r95:podd:b0,retarded,d5:r137:peven:b2,773,1,VISIBLE,yes
645,d5:r95:podd:b0,advanced,d4:r63:podd:b0,306,1/1,VISIBLE,yes
646,d5:r95:peven:b1,retarded,d5:r137:peven:b2,773,1,VISIBLE,yes
646,d5:r95:peven:b1,advanced,d4:r63:podd:b0,306,1/1,VISIBLE,yes
647,d5:r95:peven:b2,retarded,d5:r137:peven:b2,773,1,VISIBLE,yes
647,d5:r95:peven:b2,advanced,d4:r63:podd:b0,306,1/1,VISIBLE,yes
648,d5:r96:podd:b0,retarded,d5:r141:peven:b2,785,1,VISIBLE,yes
649,d5:r96:peven:b1,retarded,d5:r141:peven:b2,785,1,VISIBLE,yes
650,d5:r96:peven:b2,retarded,d5:r141:peven:b2,785,1,VISIBLE,yes
651,d5:r97:podd:b0,retarded,d5:r145:peven:b2,797,1,VISIBLE,yes
652,d5:r97:peven:b1,retarded,d5:r145:peven:b2,797,1,VISIBLE,yes
653,d5:r97:peven:b2,retarded,d5:r145:peven:b2,797,1,VISIBLE,yes
654,d5:r98:podd:b0,retarded,d5:r149:peven:b2,809,1,VISIBLE,yes
654,d5:r98:podd:b0,advanced,d4:r65:podd:b0,312,1/1,VISIBLE,yes
655,d5:r98:peven:b1,retarded,d5:r149:peven:b2,809,1,VISIBLE,yes
655,d5:r98:peven:b1,advanced,d4:r65:podd:b0,312,1/1,VISIBLE,yes
656,d5:r98:peven:b2,retarded,d5:r149:peven:b2,809,1,VISIBLE,yes
656,d5:r98:peven:b2,advanced,d4:r65:podd:b0,312,1/1,VISIBLE,yes
657,d5:r99:podd:b0,retarded,d5:r153:peven:b2,821,1,VISIBLE,yes
658,d5:r99:peven:b1,retarded,d5:r153:peven:b2,821,1,VISIBLE,yes
659,d5:r99:peven:b2,retarded,d5:r153:peven:b2,821,1,VISIBLE,yes
660,d5:r100:podd:b0,retarded,d5:r157:peven:b2,833,1,VISIBLE,yes
661,d5:r100:peven:b1,retarded,d5:r157:peven:b2,833,1,VISIBLE,yes
662,d5:r100:peven:b2,retarded,d5:r157:peven:b2,833,1,VISIBLE,yes
663,d5:r101:podd:b0,retarded,d5:r161:peven:b2,845,1,VISIBLE,yes
663,d5:r101:podd:b0,advanced,d4:r67:podd:b0,318,1/1,VISIBLE,yes
664,d5:r101:peven:b1,retarded,d5:r161:peven:b2,845,1,VISIBLE,yes
664,d5:r101:peven:b1,advanced,d4:r67:podd:b0,318,1/1,VISIBLE,yes
665,d5:r101:peven:b2,retarded,d5:r161:peven:b2,845,1,VISIBLE,yes
665,d5:r101:peven:b2,advanced,d4:r67:podd:b0,318,1/1,VISIBLE,yes
666,d5:r102:podd:b0,retarded,d5:r165:peven:b2,857,1,VISIBLE,yes
667,d5:r102:peven:b1,retarded,d5:r165:peven:b2,857,1,VISIBLE,yes
668,d5:r102:peven:b2,retarded,d5:r165:peven:b2,857,1,VISIBLE,yes
669,d5:r103:podd:b0,retarded,d5:r169:peven:b2,869,1,VISIBLE,yes
670,d5:r103:peven:b1,retarded,d5:r169:peven:b2,869,1,VISIBLE,yes
671,d5:r103:peven:b2,retarded,d5:r169:peven:b2,869,1,VISIBLE,yes
672,d5:r104:podd:b0,retarded,d5:r173:peven:b2,881,1,VISIBLE,yes
672,d5:r104:podd:b0,advanced,d4:r69:podd:b0,324,1/1,VISIBLE,yes
673,d5:r104:peven:b1,retarded,d5:r173:peven:b2,881,1,VISIBLE,yes
673,d5:r104:peven:b1,advanced,d4:r69:podd:b0,324,1/1,VISIBLE,yes
674,d5:r104:peven:b2,retarded,d5:r173:peven:b2,881,1,VISIBLE,yes
674,d5:r104:peven:b2,advanced,d4:r69:podd:b0,324,1/1,VISIBLE,yes
675,d5:r105:podd:b0,retarded,d5:r177:peven:b2,893,1,VISIBLE,yes
676,d5:r105:peven:b1,retarded,d5:r177:peven:b2,893,1,VISIBLE,yes
677,d5:r105:peven:b2,retarded,d5:r177:peven:b2,893,1,VISIBLE,yes
678,d5:r106:podd:b0,retarded,d5:r181:peven:b2,905,1,VISIBLE,yes
679,d5:r106:peven:b1,retarded,d5:r181:peven:b2,905,1,VISIBLE,yes
680,d5:r106:peven:b2,retarded,d5:r181:peven:b2,905,1,VISIBLE,yes
681,d5:r107:podd:b0,retarded,d5:r185:peven:b2,917,1,VISIBLE,yes
681,d5:r107:podd:b0,advanced,d4:r71:podd:b0,330,1/1,VISIBLE,yes
682,d5:r107:peven:b1,retarded,d5:r185:peven:b2,917,1,VISIBLE,yes
682,d5:r107:peven:b1,advanced,d4:r71:podd:b0,330,1/1,VISIBLE,yes
683,d5:r107:peven:b2,retarded,d5:r185:peven:b2,917,1,VISIBLE,yes
683,d5:r107:peven:b2,advanced,d4:r71:podd:b0,330,1/1,VISIBLE,yes
684,d5:r108:podd:b0,retarded,d5:r189:peven:b2,929,1,VISIBLE,yes
685,d5:r108:peven:b1,retarded,d5:r189:peven:b2,929,1,VISIBLE,yes
686,d5:r108:peven:b2,retarded,d5:r189:peven:b2,929,1,VISIBLE,yes
687,d5:r109:podd:b0,retarded,d5:r193:peven:b2,941,1,VISIBLE,yes
688,d5:r109:peven:b1,retarded,d5:r193:peven:b2,941,1,VISIBLE,yes
689,d5:r109:peven:b2,retarded,d5:r193:peven:b2,941,1,VISIBLE,yes
690,d5:r110:podd:b0,retarded,d5:r197:peven:b2,953,1,VISIBLE,yes
690,d5:r110:podd:b0,advanced,d4:r73:podd:b0,336,1/1,VISIBLE,yes
691,d5:r110:peven:b1,retarded,d5:r197:peven:b2,953,1,VISIBLE,yes
691,d5:r110:peven:b1,advanced,d4:r73:podd:b0,336,1/1,VISIBLE,yes
692,d5:r110:peven:b2,retarded,d5:r197:peven:b2,953,1,VISIBLE,yes
692,d5:r110:peven:b2,advanced,d4:r73:podd:b0,336,1/1,VISIBLE,yes
693,d5:r111:podd:b0,retarded,d5:r201:peven:b2,965,1,VISIBLE,yes
694,d5:r111:peven:b1,retarded,d5:r201:peven:b2,965,1,VISIBLE,yes
695,d5:r111:peven:b2,retarded,d5:r201:peven:b2,965,1,VISIBLE,yes
696,d5:r112:podd:b0,retarded,d5:r205:peven:b2,977,1,VISIBLE,yes
697,d5:r112:peven:b1,retarded,d5:r205:peven:b2,977,1,VISIBLE,yes
698,d5:r112:peven:b2,retarded,d5:r205:peven:b2,977,1,VISIBLE,yes
699,d5:r113:podd:b0,retarded,d5:r209:peven:b2,989,1,VISIBLE,yes
699,d5:r113:podd:b0,advanced,d4:r75:podd:b0,342,1/1,VISIBLE,yes
700,d5:r113:peven:b1,retarded,d5:r209:peven:b2,989,1,VISIBLE,yes
700,d5:r113:peven:b1,advanced,d4:r75:podd:b0,342,1/1,VISIBLE,yes
701,d5:r113:peven:b2,retarded,d5:r209:peven:b2,989,1,VISIBLE,yes
701,d5:r113:peven:b2,advanced,d4:r75:podd:b0,342,1/1,VISIBLE,yes
702,d5:r114:podd:b0,retarded,d5:r213:peven:b2,1001,1,VISIBLE,yes
703,d5:r114:peven:b1,retarded,d5:r213:peven:b2,1001,1,VISIBLE,yes
704,d5:r114:peven:b2,retarded,d5:r213:peven:b2,1001,1,VISIBLE,yes
705,d5:r115:podd:b0,retarded,d5:r217:peven:b2,1013,1,VISIBLE,yes
706,d5:r115:peven:b1,retarded,d5:r217:peven:b2,1013,1,VISIBLE,yes
707,d5:r115:peven:b2,retarded,d5:r217:peven:b2,1013,1,VISIBLE,yes
708,d5:r116:podd:b0,retarded,d5:r221:peven:b2,1025,1,VISIBLE,yes
708,d5:r116:podd:b0,advanced,d4:r77:podd:b0,348,1/1,VISIBLE,yes
709,d5:r116:peven:b1,retarded,d5:r221:peven:b2,1025,1,VISIBLE,yes
709,d5:r116:peven:b1,advanced,d4:r77:podd:b0,348,1/1,VISIBLE,yes
710,d5:r116:peven:b2,retarded,d5:r221:peven:b2,1025,1,VISIBLE,yes
710,d5:r116:peven:b2,advanced,d4:r77:podd:b0,348,1/1,VISIBLE,yes
711,d5:r117:podd:b0,retarded,d5:r225:peven:b2,1037,1,VISIBLE,yes
712,d5:r117:peven:b1,retarded,d5:r225:peven:b2,1037,1,VISIBLE,yes
713,d5:r117:peven:b2,retarded,d5:r225:peven:b2,1037,1,VISIBLE,yes
714,d5:r118:podd:b0,retarded,d5:r229:peven:b2,1049,1,VISIBLE,yes
715,d5:r118:peven:b1,retarded,d5:r229:peven:b2,1049,1,VISIBLE,yes
716,d5:r118:peven:b2,retarded,d5:r229:peven:b2,1049,1,VISIBLE,yes
717,d5:r119:podd:b0,retarded,d5:r233:peven:b2,1061,1,VISIBLE,yes
717,d5:r119:podd:b0,advanced,d4:r79:podd:b0,354,1/1,VISIBLE,yes
718,d5:r119:peven:b1,retarded,d5:r233:peven:b2,1061,1,VISIBLE,yes
718,d5:r119:peven:b1,advanced,d4:r79:podd:b0,354,1/1,VISIBLE,yes
719,d5:r119:peven:b2,retarded,d5:r233:peven:b2,1061,1,VISIBLE,yes
719,d5:r119:peven:b2,advanced,d4:r79:podd:b0,354,1/1,VISIBLE,yes
720,d5:r120:podd:b0,retarded,d5:r237:peven:b2,1073,1,VISIBLE,yes
721,d5:r120:peven:b1,retarded,d5:r237:peven:b2,1073,1,VISIBLE,yes
722,d5:r120:peven:b2,retarded,d5:r237:peven:b2,1073,1,VISIBLE,yes
723,d5:r121:podd:b0,retarded,d5:r241:peven:b2,1085,1,VISIBLE,yes
724,d5:r121:peven:b1,retarded,d5:r241:peven:b2,1085,1,VISIBLE,yes
725,d5:r121:peven:b2,retarded,d5:r241:peven:b2,1085,1,VISIBLE,yes
726,d5:r122:podd:b0,retarded,d5:r2:peven:b2,368,1,VISIBLE,yes
726,d5:r122:podd:b0,advanced,d4:r0:podd:b0,117,1/1,VISIBLE,yes
727,d5:r122:peven:b1,retarded,d5:r2:peven:b2,368,1,VISIBLE,yes
727,d5:r122:peven:b1,advanced,d4:r0:podd:b0,117,1/1,VISIBLE,yes
728,d5:r122:peven:b2,retarded,d5:r2:peven:b2,368,1,VISIBLE,yes
728,d5:r122:peven:b2,advanced,d4:r0:podd:b0,117,1/1,VISIBLE,yes
729,d5:r123:podd:b0,retarded,d5:r6:peven:b2,380,1,VISIBLE,yes
730,d5:r123:peven:b1,retarded,d5:r6:peven:b2,380,1,VISIBLE,yes
731,d5:r123:peven:b2,retarded,d5:r6:peven:b2,380,1,VISIBLE,yes
732,d5:r124:podd:b0,retarded,d5:r10:peven:b2,392,1,VISIBLE,yes
733,d5:r124:peven:b1,retarded,d5:r10:peven:b2,392,1,VISIBLE,yes
734,d5:r124:peven:b2,retarded,d5:r10:peven:b2,392,1,VISIBLE,yes
735,d5:r125:podd:b0,retarded,d5:r14:peven:b2,404,1,VISIBLE,yes
735,d5:r125:podd:b0,advanced,d4:r2:podd:b0,123,1/1,VISIBLE,yes
736,d5:r125:peven:b1,retarded,d5:r14:peven:b2,404,1,VISIBLE,yes
736,d5:r125:peven:b1,advanced,d4:r2:podd:b0,123,1/1,VISIBLE,yes
737,d5:r125:peven:b2,retarded,d5:r14:peven:b2,404,1,VISIBLE,yes
737,d5:r125:peven:b2,advanced,d4:r2:podd:b0,123,1/1,VISIBLE,yes
738,d5:r126:podd:b0,retarded,d5:r18:peven:b2,416,1,VISIBLE,yes
739,d5:r126:peven:b1,retarded,d5:r18:peven:b2,416,1,VISIBLE,yes
740,d5:r126:peven:b2,retarded,d5:r18:peven:b2,416,1,VISIBLE,yes
741,d5:r127:podd:b0,retarded,d5:r22:peven:b2,428,1,VISIBLE,yes
742,d5:r127:peven:b1,retarded,d5:r22:peven:b2,428,1,VISIBLE,yes
743,d5:r127:peven:b2,retarded,d5:r22:peven:b2,428,1,VISIBLE,yes
744,d5:r128:podd:b0,retarded,d5:r26:peven:b2,440,1,VISIBLE,yes
744,d5:r128:podd:b0,advanced,d4:r4:podd:b0,129,1/1,VISIBLE,yes
745,d5:r128:peven:b1,retarded,d5:r26:peven:b2,440,1,VISIBLE,yes
745,d5:r128:peven:b1,advanced,d4:r4:podd:b0,129,1/1,VISIBLE,yes
746,d5:r128:peven:b2,retarded,d5:r26:peven:b2,440,1,VISIBLE,yes
746,d5:r128:peven:b2,advanced,d4:r4:podd:b0,129,1/1,VISIBLE,yes
747,d5:r129:podd:b0,retarded,d5:r30:peven:b2,452,1,VISIBLE,yes
748,d5:r129:peven:b1,retarded,d5:r30:peven:b2,452,1,VISIBLE,yes
749,d5:r129:peven:b2,retarded,d5:r30:peven:b2,452,1,VISIBLE,yes
750,d5:r130:podd:b0,retarded,d5:r34:peven:b2,464,1,VISIBLE,yes
751,d5:r130:peven:b1,retarded,d5:r34:peven:b2,464,1,VISIBLE,yes
752,d5:r130:peven:b2,retarded,d5:r34:peven:b2,464,1,VISIBLE,yes
753,d5:r131:podd:b0,retarded,d5:r38:peven:b2,476,1,VISIBLE,yes
753,d5:r131:podd:b0,advanced,d4:r6:podd:b0,135,1/1,VISIBLE,yes
754,d5:r131:peven:b1,retarded,d5:r38:peven:b2,476,1,VISIBLE,yes
754,d5:r131:peven:b1,advanced,d4:r6:podd:b0,135,1/1,VISIBLE,yes
755,d5:r131:peven:b2,retarded,d5:r38:peven:b2,476,1,VISIBLE,yes
755,d5:r131:peven:b2,advanced,d4:r6:podd:b0,135,1/1,VISIBLE,yes
756,d5:r132:podd:b0,retarded,d5:r42:peven:b2,488,1,VISIBLE,yes
757,d5:r132:peven:b1,retarded,d5:r42:peven:b2,488,1,VISIBLE,yes
758,d5:r132:peven:b2,retarded,d5:r42:peven:b2,488,1,VISIBLE,yes
759,d5:r133:podd:b0,retarded,d5:r46:peven:b2,500,1,VISIBLE,yes
760,d5:r133:peven:b1,retarded,d5:r46:peven:b2,500,1,VISIBLE,yes
761,d5:r133:peven:b2,retarded,d5:r46:peven:b2,500,1,VISIBLE,yes
762,d5:r134:podd:b0,retarded,d5:r50:peven:b2,512,1,VISIBLE,yes
762,d5:r134:podd:b0,advanced,d4:r8:podd:b0,141,1/1,VISIBLE,yes
763,d5:r134:peven:b1,retarded,d5:r50:peven:b2,512,1,VISIBLE,yes
763,d5:r134:peven:b1,advanced,d4:r8:podd:b0,141,1/1,VISIBLE,yes
764,d5:r134:peven:b2,retarded,d5:r50:peven:b2,512,1,VISIBLE,yes
764,d5:r134:peven:b2,advanced,d4:r8:podd:b0,141,1/1,VISIBLE,yes
765,d5:r135:podd:b0,retarded,d5:r54:peven:b2,524,1,VISIBLE,yes
766,d5:r135:peven:b1,retarded,d5:r54:peven:b2,524,1,VISIBLE,yes
767,d5:r135:peven:b2,retarded,d5:r54:peven:b2,524,1,VISIBLE,yes
768,d5:r136:podd:b0,retarded,d5:r58:peven:b2,536,1,VISIBLE,yes
769,d5:r136:peven:b1,retarded,d5:r58:peven:b2,536,1,VISIBLE,yes
770,d5:r136:peven:b2,retarded,d5:r58:peven:b2,536,1,VISIBLE,yes
771,d5:r137:podd:b0,retarded,d5:r62:peven:b2,548,1,VISIBLE,yes
771,d5:r137:podd:b0,advanced,d4:r10:podd:b0,147,1/1,VISIBLE,yes
772,d5:r137:peven:b1,retarded,d5:r62:peven:b2,548,1,VISIBLE,yes
772,d5:r137:peven:b1,advanced,d4:r10:podd:b0,147,1/1,VISIBLE,yes
773,d5:r137:peven:b2,retarded,d5:r62:peven:b2,548,1,VISIBLE,yes
773,d5:r137:peven:b2,advanced,d4:r10:podd:b0,147,1/1,VISIBLE,yes
774,d5:r138:podd:b0,retarded,d5:r66:peven:b2,560,1,VISIBLE,yes
775,d5:r138:peven:b1,retarded,d5:r66:peven:b2,560,1,VISIBLE,yes
776,d5:r138:peven:b2,retarded,d5:r66:peven:b2,560,1,VISIBLE,yes
777,d5:r139:podd:b0,retarded,d5:r70:peven:b2,572,1,VISIBLE,yes
778,d5:r139:peven:b1,retarded,d5:r70:peven:b2,572,1,VISIBLE,yes
779,d5:r139:peven:b2,retarded,d5:r70:peven:b2,572,1,VISIBLE,yes
780,d5:r140:podd:b0,retarded,d5:r74:peven:b2,584,1,VISIBLE,yes
780,d5:r140:podd:b0,advanced,d4:r12:podd:b0,153,1/1,VISIBLE,yes
781,d5:r140:peven:b1,retarded,d5:r74:peven:b2,584,1,VISIBLE,yes
781,d5:r140:peven:b1,advanced,d4:r12:podd:b0,153,1/1,VISIBLE,yes
782,d5:r140:peven:b2,retarded,d5:r74:peven:b2,584,1,VISIBLE,yes
782,d5:r140:peven:b2,advanced,d4:r12:podd:b0,153,1/1,VISIBLE,yes
783,d5:r141:podd:b0,retarded,d5:r78:peven:b2,596,1,VISIBLE,yes
784,d5:r141:peven:b1,retarded,d5:r78:peven:b2,596,1,VISIBLE,yes
785,d5:r141:peven:b2,retarded,d5:r78:peven:b2,596,1,VISIBLE,yes
786,d5:r142:podd:b0,retarded,d5:r82:peven:b2,608,1,VISIBLE,yes
787,d5:r142:peven:b1,retarded,d5:r82:peven:b2,608,1,VISIBLE,yes
788,d5:r142:peven:b2,retarded,d5:r82:peven:b2,608,1,VISIBLE,yes
789,d5:r143:podd:b0,retarded,d5:r86:peven:b2,620,1,VISIBLE,yes
789,d5:r143:podd:b0,advanced,d4:r14:podd:b0,159,1/1,VISIBLE,yes
790,d5:r143:peven:b1,retarded,d5:r86:peven:b2,620,1,VISIBLE,yes
790,d5:r143:peven:b1,advanced,d4:r14:podd:b0,159,1/1,VISIBLE,yes
791,d5:r143:peven:b2,retarded,d5:r86:peven:b2,620,1,VISIBLE,yes
791,d5:r143:peven:b2,advanced,d4:r14:podd:b0,159,1/1,VISIBLE,yes
792,d5:r144:podd:b0,retarded,d5:r90:peven:b2,632,1,VISIBLE,yes
793,d5:r144:peven:b1,retarded,d5:r90:peven:b2,632,1,VISIBLE,yes
794,d5:r144:peven:b2,retarded,d5:r90:peven:b2,632,1,VISIBLE,yes
795,d5:r145:podd:b0,retarded,d5:r94:peven:b2,644,1,VISIBLE,yes
796,d5:r145:peven:b1,retarded,d5:r94:peven:b2,644,1,VISIBLE,yes
797,d5:r145:peven:b2,retarded,d5:r94:peven:b2,644,1,VISIBLE,yes
798,d5:r146:podd:b0,retarded,d5:r98:peven:b2,656,1,VISIBLE,yes
798,d5:r146:podd:b0,advanced,d4:r16:podd:b0,165,1/1,VISIBLE,yes
799,d5:r146:peven:b1,retarded,d5:r98:peven:b2,656,1,VISIBLE,yes
799,d5:r146:peven:b1,advanced,d4:r16:podd:b0,165,1/1,VISIBLE,yes
800,d5:r146:peven:b2,retarded,d5:r98:peven:b2,656,1,VISIBLE,yes
800,d5:r146:peven:b2,advanced,d4:r16:podd:b0,165,1/1,VISIBLE,yes
801,d5:r147:podd:b0,retarded,d5:r102:peven:b2,668,1,VISIBLE,yes
802,d5:r147:peven:b1,retarded,d5:r102:peven:b2,668,1,VISIBLE,yes
803,d5:r147:peven:b2,retarded,d5:r102:peven:b2,668,1,VISIBLE,yes
804,d5:r148:podd:b0,retarded,d5:r106:peven:b2,680,1,VISIBLE,yes
805,d5:r148:peven:b1,retarded,d5:r106:peven:b2,680,1,VISIBLE,yes
806,d5:r148:peven:b2,retarded,d5:r106:peven:b2,680,1,VISIBLE,yes
807,d5:r149:podd:b0,retarded,d5:r110:peven:b2,692,1,VISIBLE,yes
807,d5:r149:podd:b0,advanced,d4:r18:podd:b0,171,1/1,VISIBLE,yes
808,d5:r149:peven:b1,retarded,d5:r110:peven:b2,692,1,VISIBLE,yes
808,d5:r149:peven:b1,advanced,d4:r18:podd:b0,171,1/1,VISIBLE,yes
809,d5:r149:peven:b2,retarded,d5:r110:peven:b2,692,1,VISIBLE,yes
809,d5:r149:peven:b2,advanced,d4:r18:podd:b0,171,1/1,VISIBLE,yes
810,d5:r150:podd:b0,retarded,d5:r114:peven:b2,704,1,VISIBLE,yes
811,d5:r150:peven:b1,retarded,d5:r114:peven:b2,704,1,VISIBLE,yes
812,d5:r150:peven:b2,retarded,d5:r114:peven:b2,704,1,VISIBLE,yes
813,d5:r151:podd:b0,retarded,d5:r118:peven:b2,716,1,VISIBLE,yes
814,d5:r151:peven:b1,retarded,d5:r118:peven:b2,716,1,VISIBLE,yes
815,d5:r151:peven:b2,retarded,d5:r118:peven:b2,716,1,VISIBLE,yes
816,d5:r152:podd:b0,retarded,d5:r122:peven:b2,728,1,VISIBLE,yes
816,d5:r152:podd:b0,advanced,d4:r20:podd:b0,177,1/1,VISIBLE,yes
817,d5:r152:peven:b1,retarded,d5:r122:peven:b2,728,1,VISIBLE,yes
817,d5:r152:peven:b1,advanced,d4:r20:podd:b0,177,1/1,VISIBLE,yes
818,d5:r152:peven:b2,retarded,d5:r122:peven:b2,728,1,VISIBLE,yes
818,d5:r152:peven:b2,advanced,d4:r20:podd:b0,177,1/1,VISIBLE,yes
819,d5:r153:podd:b0,retarded,d5:r126:peven:b2,740,1,VISIBLE,yes
820,d5:r153:peven:b1,retarded,d5:r126:peven:b2,740,1,VISIBLE,yes
821,d5:r153:peven:b2,retarded,d5:r126:peven:b2,740,1,VISIBLE,yes
822,d5:r154:podd:b0,retarded,d5:r130:peven:b2,752,1,VISIBLE,yes
823,d5:r154:peven:b1,retarded,d5:r130:peven:b2,752,1,VISIBLE,yes
824,d5:r154:peven:b2,retarded,d5:r130:peven:b2,752,1,VISIBLE,yes
825,d5:r155:podd:b0,retarded,d5:r134:peven:b2,764,1,VISIBLE,yes
825,d5:r155:podd:b0,advanced,d4:r22:podd:b0,183,1/1,VISIBLE,yes
826,d5:r155:peven:b1,retarded,d5:r134:peven:b2,764,1,VISIBLE,yes
826,d5:r155:peven:b1,advanced,d4:r22:podd:b0,183,1/1,VISIBLE,yes
827,d5:r155:peven:b2,retarded,d5:r134:peven:b2,764,1,VISIBLE,yes
827,d5:r155:peven:b2,advanced,d4:r22:podd:b0,183,1/1,VISIBLE,yes
828,d5:r156:podd:b0,retarded,d5:r138:peven:b2,776,1,VISIBLE,yes
829,d5:r156:peven:b1,retarded,d5:r138:peven:b2,776,1,VISIBLE,yes
830,d5:r156:peven:b2,retarded,d5:r138:peven:b2,776,1,VISIBLE,yes
831,d5:r157:podd:b0,retarded,d5:r142:peven:b2,788,1,VISIBLE,yes
832,d5:r157:peven:b1,retarded,d5:r142:peven:b2,788,1,VISIBLE,yes
833,d5:r157:peven:b2,retarded,d5:r142:peven:b2,788,1,VISIBLE,yes
834,d5:r158:podd:b0,retarded,d5:r146:peven:b2,800,1,VISIBLE,yes
834,d5:r158:podd:b0,advanced,d4:r24:podd:b0,189,1/1,VISIBLE,yes
835,d5:r158:peven:b1,retarded,d5:r146:peven:b2,800,1,VISIBLE,yes
835,d5:r158:peven:b1,advanced,d4:r24:podd:b0,189,1/1,VISIBLE,yes
836,d5:r158:peven:b2,retarded,d5:r146:peven:b2,800,1,VISIBLE,yes
836,d5:r158:peven:b2,advanced,d4:r24:podd:b0,189,1/1,VISIBLE,yes
837,d5:r159:podd:b0,retarded,d5:r150:peven:b2,812,1,VISIBLE,yes
838,d5:r159:peven:b1,retarded,d5:r150:peven:b2,812,1,VISIBLE,yes
839,d5:r159:peven:b2,retarded,d5:r150:peven:b2,812,1,VISIBLE,yes
840,d5:r160:podd:b0,retarded,d5:r154:peven:b2,824,1,VISIBLE,yes
841,d5:r160:peven:b1,retarded,d5:r154:peven:b2,824,1,VISIBLE,yes
842,d5:r160:peven:b2,retarded,d5:r154:peven:b2,824,1,VISIBLE,yes
843,d5:r161:podd:b0,retarded,d5:r158:peven:b2,836,1,VISIBLE,yes
843,d5:r161:podd:b0,advanced,d4:r26:podd:b0,195,1/1,VISIBLE,yes
844,d5:r161:peven:b1,retarded,d5:r158:peven:b2,836,1,VISIBLE,yes
844,d5:r161:peven:b1,advanced,d4:r26:podd:b0,195,1/1,VISIBLE,yes
845,d5:r161:peven:b2,retarded,d5:r158:peven:b2,836,1,VISIBLE,yes
845,d5:r161:peven:b2,advanced,d4:r26:podd:b0,195,1/1,VISIBLE,yes
846,d5:r162:podd:b0,retarded,d5:r162:peven:b2,848,1,VISIBLE,yes
847,d5:r162:peven:b1,retarded,d5:r162:peven:b2,848,1,VISIBLE,yes
848,d5:r162:peven:b2,retarded,d5:r162:peven:b2,848,1,VISIBLE,yes
849,d5:r163:podd:b0,retarded,d5:r166:peven:b2,860,1,VISIBLE,yes
850,d5:r163:peven:b1,retarded,d5:r166:peven:b2,860,1,VISIBLE,yes
851,d5:r163:peven:b2,retarded,d5:r166:peven:b2,860,1,VISIBLE,yes
852,d5:r164:podd:b0,retarded,d5:r170:peven:b2,872,1,VISIBLE,yes
852,d5:r164:podd:b0,advanced,d4:r28:podd:b0,201,1/1,VISIBLE,yes
853,d5:r164:peven:b1,retarded,d5:r170:peven:b2,872,1,VISIBLE,yes
853,d5:r164:peven:b1,advanced,d4:r28:podd:b0,201,1/1,VISIBLE,yes
854,d5:r164:peven:b2,retarded,d5:r170:peven:b2,872,1,VISIBLE,yes
854,d5:r164:peven:b2,advanced,d4:r28:podd:b0,201,1/1,VISIBLE,yes
855,d5:r165:podd:b0,retarded,d5:r174:peven:b2,884,1,VISIBLE,yes
856,d5:r165:peven:b1,retarded,d5:r174:peven:b2,884,1,VISIBLE,yes
857,d5:r165:peven:b2,retarded,d5:r174:peven:b2,884,1,VISIBLE,yes
858,d5:r166:podd:b0,retarded,d5:r178:peven:b2,896,1,VISIBLE,yes
859,d5:r166:peven:b1,retarded,d5:r178:peven:b2,896,1,VISIBLE,yes
860,d5:r166:peven:b2,retarded,d5:r178:peven:b2,896,1,VISIBLE,yes
861,d5:r167:podd:b0,retarded,d5:r182:peven:b2,908,1,VISIBLE,yes
861,d5:r167:podd:b0,advanced,d4:r30:podd:b0,207,1/1,VISIBLE,yes
862,d5:r167:peven:b1,retarded,d5:r182:peven:b2,908,1,VISIBLE,yes
862,d5:r167:peven:b1,advanced,d4:r30:podd:b0,207,1/1,VISIBLE,yes
863,d5:r167:peven:b2,retarded,d5:r182:peven:b2,908,1,VISIBLE,yes
863,d5:r167:peven:b2,advanced,d4:r30:podd:b0,207,1/1,VISIBLE,yes
864,d5:r168:podd:b0,retarded,d5:r186:peven:b2,920,1,VISIBLE,yes
865,d5:r168:peven:b1,retarded,d5:r186:peven:b2,920,1,VISIBLE,yes
866,d5:r168:peven:b2,retarded,d5:r186:peven:b2,920,1,VISIBLE,yes
867,d5:r169:podd:b0,retarded,d5:r190:peven:b2,932,1,VISIBLE,yes
868,d5:r169:peven:b1,retarded,d5:r190:peven:b2,932,1,VISIBLE,yes
869,d5:r169:peven:b2,retarded,d5:r190:peven:b2,932,1,VISIBLE,yes
870,d5:r170:podd:b0,retarded,d5:r194:peven:b2,944,1,VISIBLE,yes
870,d5:r170:podd:b0,advanced,d4:r32:podd:b0,213,1/1,VISIBLE,yes
871,d5:r170:peven:b1,retarded,d5:r194:peven:b2,944,1,VISIBLE,yes
871,d5:r170:peven:b1,advanced,d4:r32:podd:b0,213,1/1,VISIBLE,yes
872,d5:r170:peven:b2,retarded,d5:r194:peven:b2,944,1,VISIBLE,yes
872,d5:r170:peven:b2,advanced,d4:r32:podd:b0,213,1/1,VISIBLE,yes
873,d5:r171:podd:b0,retarded,d5:r198:peven:b2,956,1,VISIBLE,yes
874,d5:r171:peven:b1,retarded,d5:r198:peven:b2,956,1,VISIBLE,yes
875,d5:r171:peven:b2,retarded,d5:r198:peven:b2,956,1,VISIBLE,yes
876,d5:r172:podd:b0,retarded,d5:r202:peven:b2,968,1,VISIBLE,yes
877,d5:r172:peven:b1,retarded,d5:r202:peven:b2,968,1,VISIBLE,yes
878,d5:r172:peven:b2,retarded,d5:r202:peven:b2,968,1,VISIBLE,yes
879,d5:r173:podd:b0,retarded,d5:r206:peven:b2,980,1,VISIBLE,yes
879,d5:r173:podd:b0,advanced,d4:r34:podd:b0,219,1/1,VISIBLE,yes
880,d5:r173:peven:b1,retarded,d5:r206:peven:b2,980,1,VISIBLE,yes
880,d5:r173:peven:b1,advanced,d4:r34:podd:b0,219,1/1,VISIBLE,yes
881,d5:r173:peven:b2,retarded,d5:r206:peven:b2,980,1,VISIBLE,yes
881,d5:r173:peven:b2,advanced,d4:r34:podd:b0,219,1/1,VISIBLE,yes
882,d5:r174:podd:b0,retarded,d5:r210:peven:b2,992,1,VISIBLE,yes
883,d5:r174:peven:b1,retarded,d5:r210:peven:b2,992,1,VISIBLE,yes
884,d5:r174:peven:b2,retarded,d5:r210:peven:b2,992,1,VISIBLE,yes
885,d5:r175:podd:b0,retarded,d5:r214:peven:b2,1004,1,VISIBLE,yes
886,d5:r175:peven:b1,retarded,d5:r214:peven:b2,1004,1,VISIBLE,yes
887,d5:r175:peven:b2,retarded,d5:r214:peven:b2,1004,1,VISIBLE,yes
888,d5:r176:podd:b0,retarded,d5:r218:peven:b2,1016,1,VISIBLE,yes
888,d5:r176:podd:b0,advanced,d4:r36:podd:b0,225,1/1,VISIBLE,yes
889,d5:r176:peven:b1,retarded,d5:r218:peven:b2,1016,1,VISIBLE,yes
889,d5:r176:peven:b1,advanced,d4:r36:podd:b0,225,1/1,VISIBLE,yes
890,d5:r176:peven:b2,retarded,d5:r218:peven:b2,1016,1,VISIBLE,yes
890,d5:r176:peven:b2,advanced,d4:r36:podd:b0,225,1/1,VISIBLE,yes
891,d5:r177:podd:b0,retarded,d5:r222:peven:b2,1028,1,VISIBLE,yes
892,d5:r177:peven:b1,retarded,d5:r222:peven:b2,1028,1,VISIBLE,yes
893,d5:r177:peven:b2,retarded,d5:r222:peven:b2,1028,1,VISIBLE,yes
894,d5:r178:podd:b0,retarded,d5:r226:peven:b2,1040,1,VISIBLE,yes
895,d5:r178:peven:b1,retarded,d5:r226:peven:b2,1040,1,VISIBLE,yes
896,d5:r178:peven:b2,retarded,d5:r226:peven:b2,1040,1,VISIBLE,yes
897,d5:r179:podd:b0,retarded,d5:r230:peven:b2,1052,1,VISIBLE,yes
897,d5:r179:podd:b0,advanced,d4:r38:podd:b0,231,1/1,VISIBLE,yes
898,d5:r179:peven:b1,retarded,d5:r230:peven:b2,1052,1,VISIBLE,yes
898,d5:r179:peven:b1,advanced,d4:r38:podd:b0,231,1/1,VISIBLE,yes
899,d5:r179:peven:b2,retarded,d5:r230:peven:b2,1052,1,VISIBLE,yes
899,d5:r179:peven:b2,advanced,d4:r38:podd:b0,231,1/1,VISIBLE,yes
900,d5:r180:podd:b0,retarded,d5:r234:peven:b2,1064,1,VISIBLE,yes
901,d5:r180:peven:b1,retarded,d5:r234:peven:b2,1064,1,VISIBLE,yes
902,d5:r180:peven:b2,retarded,d5:r234:peven:b2,1064,1,VISIBLE,yes
903,d5:r181:podd:b0,retarded,d5:r238:peven:b2,1076,1,VISIBLE,yes
904,d5:r181:peven:b1,retarded,d5:r238:peven:b2,1076,1,VISIBLE,yes
905,d5:r181:peven:b2,retarded,d5:r238:peven:b2,1076,1,VISIBLE,yes
906,d5:r182:podd:b0,retarded,d5:r242:peven:b2,1088,1,VISIBLE,yes
906,d5:r182:podd:b0,advanced,d4:r40:podd:b0,237,1/1,VISIBLE,yes
907,d5:r182:peven:b1,retarded,d5:r242:peven:b2,1088,1,VISIBLE,yes
907,d5:r182:peven:b1,advanced,d4:r40:podd:b0,237,1/1,VISIBLE,yes
908,d5:r182:peven:b2,retarded,d5:r242:peven:b2,1088,1,VISIBLE,yes
908,d5:r182:peven:b2,advanced,d4:r40:podd:b0,237,1/1,VISIBLE,yes
909,d5:r183:podd:b0,retarded,d5:r3:peven:b2,371,1,VISIBLE,yes
910,d5:r183:peven:b1,retarded,d5:r3:peven:b2,371,1,VISIBLE,yes
911,d5:r183:peven:b2,retarded,d5:r3:peven:b2,371,1,VISIBLE,yes
912,d5:r184:podd:b0,retarded,d5:r7:peven:b2,383,1,VISIBLE,yes
913,d5:r184:peven:b1,retarded,d5:r7:peven:b2,383,1,VISIBLE,yes
914,d5:r184:peven:b2,retarded,d5:r7:peven:b2,383,1,VISIBLE,yes
915,d5:r185:podd:b0,retarded,d5:r11:peven:b2,395,1,VISIBLE,yes
915,d5:r185:podd:b0,advanced,d4:r42:podd:b0,243,1/1,VISIBLE,yes
916,d5:r185:peven:b1,retarded,d5:r11:peven:b2,395,1,VISIBLE,yes
916,d5:r185:peven:b1,advanced,d4:r42:podd:b0,243,1/1,VISIBLE,yes
917,d5:r185:peven:b2,retarded,d5:r11:peven:b2,395,1,VISIBLE,yes
917,d5:r185:peven:b2,advanced,d4:r42:podd:b0,243,1/1,VISIBLE,yes
918,d5:r186:podd:b0,retarded,d5:r15:peven:b2,407,1,VISIBLE,yes
919,d5:r186:peven:b1,retarded,d5:r15:peven:b2,407,1,VISIBLE,yes
920,d5:r186:peven:b2,retarded,d5:r15:peven:b2,407,1,VISIBLE,yes
921,d5:r187:podd:b0,retarded,d5:r19:peven:b2,419,1,VISIBLE,yes
922,d5:r187:peven:b1,retarded,d5:r19:peven:b2,419,1,VISIBLE,yes
923,d5:r187:peven:b2,retarded,d5:r19:peven:b2,419,1,VISIBLE,yes
924,d5:r188:podd:b0,retarded,d5:r23:peven:b2,431,1,VISIBLE,yes
924,d5:r188:podd:b0,advanced,d4:r44:podd:b0,249,1/1,VISIBLE,yes
925,d5:r188:peven:b1,retarded,d5:r23:peven:b2,431,1,VISIBLE,yes
925,d5:r188:peven:b1,advanced,d4:r44:podd:b0,249,1/1,VISIBLE,yes
926,d5:r188:peven:b2,retarded,d5:r23:peven:b2,431,1,VISIBLE,yes
926,d5:r188:peven:b2,advanced,d4:r44:podd:b0,249,1/1,VISIBLE,yes
927,d5:r189:podd:b0,retarded,d5:r27:peven:b2,443,1,VISIBLE,yes
928,d5:r189:peven:b1,retarded,d5:r27:peven:b2,443,1,VISIBLE,yes
929,d5:r189:peven:b2,retarded,d5:r27:peven:b2,443,1,VISIBLE,yes
930,d5:r190:podd:b0,retarded,d5:r31:peven:b2,455,1,VISIBLE,yes
931,d5:r190:peven:b1,retarded,d5:r31:peven:b2,455,1,VISIBLE,yes
932,d5:r190:peven:b2,retarded,d5:r31:peven:b2,455,1,VISIBLE,yes
933,d5:r191:podd:b0,retarded,d5:r35:peven:b2,467,1,VISIBLE,yes
933,d5:r191:podd:b0,advanced,d4:r46:podd:b0,255,1/1,VISIBLE,yes
934,d5:r191:peven:b1,retarded,d5:r35:peven:b2,467,1,VISIBLE,yes
934,d5:r191:peven:b1,advanced,d4:r46:podd:b0,255,1/1,VISIBLE,yes
935,d5:r191:peven:b2,retarded,d5:r35:peven:b2,467,1,VISIBLE,yes
935,d5:r191:peven:b2,advanced,d4:r46:podd:b0,255,1/1,VISIBLE,yes
936,d5:r192:podd:b0,retarded,d5:r39:peven:b2,479,1,VISIBLE,yes
937,d5:r192:peven:b1,retarded,d5:r39:peven:b2,479,1,VISIBLE,yes
938,d5:r192:peven:b2,retarded,d5:r39:peven:b2,479,1,VISIBLE,yes
939,d5:r193:podd:b0,retarded,d5:r43:peven:b2,491,1,VISIBLE,yes
940,d5:r193:peven:b1,retarded,d5:r43:peven:b2,491,1,VISIBLE,yes
941,d5:r193:peven:b2,retarded,d5:r43:peven:b2,491,1,VISIBLE,yes
942,d5:r194:podd:b0,retarded,d5:r47:peven:b2,503,1,VISIBLE,yes
942,d5:r194:podd:b0,advanced,d4:r48:podd:b0,261,1/1,VISIBLE,yes
943,d5:r194:peven:b1,retarded,d5:r47:peven:b2,503,1,VISIBLE,yes
943,d5:r194:peven:b1,advanced,d4:r48:podd:b0,261,1/1,VISIBLE,yes
944,d5:r194:peven:b2,retarded,d5:r47:peven:b2,503,1,VISIBLE,yes
944,d5:r194:peven:b2,advanced,d4:r48:podd:b0,261,1/1,VISIBLE,yes
945,d5:r195:podd:b0,retarded,d5:r51:peven:b2,515,1,VISIBLE,yes
946,d5:r195:peven:b1,retarded,d5:r51:peven:b2,515,1,VISIBLE,yes
947,d5:r195:peven:b2,retarded,d5:r51:peven:b2,515,1,VISIBLE,yes
948,d5:r196:podd:b0,retarded,d5:r55:peven:b2,527,1,VISIBLE,yes
949,d5:r196:peven:b1,retarded,d5:r55:peven:b2,527,1,VISIBLE,yes
950,d5:r196:peven:b2,retarded,d5:r55:peven:b2,527,1,VISIBLE,yes
951,d5:r197:podd:b0,retarded,d5:r59:peven:b2,539,1,VISIBLE,yes
951,d5:r197:podd:b0,advanced,d4:r50:podd:b0,267,1/1,VISIBLE,yes
952,d5:r197:peven:b1,retarded,d5:r59:peven:b2,539,1,VISIBLE,yes
952,d5:r197:peven:b1,advanced,d4:r50:podd:b0,267,1/1,VISIBLE,yes
953,d5:r197:peven:b2,retarded,d5:r59:peven:b2,539,1,VISIBLE,yes
953,d5:r197:peven:b2,advanced,d4:r50:podd:b0,267,1/1,VISIBLE,yes
954,d5:r198:podd:b0,retarded,d5:r63:peven:b2,551,1,VISIBLE,yes
955,d5:r198:peven:b1,retarded,d5:r63:peven:b2,551,1,VISIBLE,yes
956,d5:r198:peven:b2,retarded,d5:r63:peven:b2,551,1,VISIBLE,yes
957,d5:r199:podd:b0,retarded,d5:r67:peven:b2,563,1,VISIBLE,yes
958,d5:r199:peven:b1,retarded,d5:r67:peven:b2,563,1,VISIBLE,yes
959,d5:r199:peven:b2,retarded,d5:r67:peven:b2,563,1,VISIBLE,yes
960,d5:r200:podd:b0,retarded,d5:r71:peven:b2,575,1,VISIBLE,yes
960,d5:r200:podd:b0,advanced,d4:r52:podd:b0,273,1/1,VISIBLE,yes
961,d5:r200:peven:b1,retarded,d5:r71:peven:b2,575,1,VISIBLE,yes
961,d5:r200:peven:b1,advanced,d4:r52:podd:b0,273,1/1,VISIBLE,yes
962,d5:r200:peven:b2,retarded,d5:r71:peven:b2,575,1,VISIBLE,yes
962,d5:r200:peven:b2,advanced,d4:r52:podd:b0,273,1/1,VISIBLE,yes
963,d5:r201:podd:b0,retarded,d5:r75:peven:b2,587,1,VISIBLE,yes
964,d5:r201:peven:b1,retarded,d5:r75:peven:b2,587,1,VISIBLE,yes
965,d5:r201:peven:b2,retarded,d5:r75:peven:b2,587,1,VISIBLE,yes
966,d5:r202:podd:b0,retarded,d5:r79:peven:b2,599,1,VISIBLE,yes
967,d5:r202:peven:b1,retarded,d5:r79:peven:b2,599,1,VISIBLE,yes
968,d5:r202:peven:b2,retarded,d5:r79:peven:b2,599,1,VISIBLE,yes
969,d5:r203:podd:b0,retarded,d5:r83:peven:b2,611,1,VISIBLE,yes
969,d5:r203:podd:b0,advanced,d4:r54:podd:b0,279,1/1,VISIBLE,yes
970,d5:r203:peven:b1,retarded,d5:r83:peven:b2,611,1,VISIBLE,yes
970,d5:r203:peven:b1,advanced,d4:r54:podd:b0,279,1/1,VISIBLE,yes
971,d5:r203:peven:b2,retarded,d5:r83:peven:b2,611,1,VISIBLE,yes
971,d5:r203:peven:b2,advanced,d4:r54:podd:b0,279,1/1,VISIBLE,yes
972,d5:r204:podd:b0,retarded,d5:r87:peven:b2,623,1,VISIBLE,yes
973,d5:r204:peven:b1,retarded,d5:r87:peven:b2,623,1,VISIBLE,yes
974,d5:r204:peven:b2,retarded,d5:r87:peven:b2,623,1,VISIBLE,yes
975,d5:r205:podd:b0,retarded,d5:r91:peven:b2,635,1,VISIBLE,yes
976,d5:r205:peven:b1,retarded,d5:r91:peven:b2,635,1,VISIBLE,yes
977,d5:r205:peven:b2,retarded,d5:r91:peven:b2,635,1,VISIBLE,yes
978,d5:r206:podd:b0,retarded,d5:r95:peven:b2,647,1,VISIBLE,yes
978,d5:r206:podd:b0,advanced,d4:r56:podd:b0,285,1/1,VISIBLE,yes
979,d5:r206:peven:b1,retarded,d5:r95:peven:b2,647,1,VISIBLE,yes
979,d5:r206:peven:b1,advanced,d4:r56:podd:b0,285,1/1,VISIBLE,yes
980,d5:r206:peven:b2,retarded,d5:r95:peven:b2,647,1,VISIBLE,yes
980,d5:r206:peven:b2,advanced,d4:r56:podd:b0,285,1/1,VISIBLE,yes
981,d5:r207:podd:b0,retarded,d5:r99:peven:b2,659,1,VISIBLE,yes
982,d5:r207:peven:b1,retarded,d5:r99:peven:b2,659,1,VISIBLE,yes
983,d5:r207:peven:b2,retarded,d5:r99:peven:b2,659,1,VISIBLE,yes
984,d5:r208:podd:b0,retarded,d5:r103:peven:b2,671,1,VISIBLE,yes
985,d5:r208:peven:b1,retarded,d5:r103:peven:b2,671,1,VISIBLE,yes
986,d5:r208:peven:b2,retarded,d5:r103:peven:b2,671,1,VISIBLE,yes
987,d5:r209:podd:b0,retarded,d5:r107:peven:b2,683,1,VISIBLE,yes
987,d5:r209:podd:b0,advanced,d4:r58:podd:b0,291,1/1,VISIBLE,yes
988,d5:r209:peven:b1,retarded,d5:r107:peven:b2,683,1,VISIBLE,yes
988,d5:r209:peven:b1,advanced,d4:r58:podd:b0,291,1/1,VISIBLE,yes
989,d5:r209:peven:b2,retarded,d5:r107:peven:b2,683,1,VISIBLE,yes
989,d5:r209:peven:b2,advanced,d4:r58:podd:b0,291,1/1,VISIBLE,yes
990,d5:r210:podd:b0,retarded,d5:r111:peven:b2,695,1,VISIBLE,yes
991,d5:r210:peven:b1,retarded,d5:r111:peven:b2,695,1,VISIBLE,yes
992,d5:r210:peven:b2,retarded,d5:r111:peven:b2,695,1,VISIBLE,yes
993,d5:r211:podd:b0,retarded,d5:r115:peven:b2,707,1,VISIBLE,yes
994,d5:r211:peven:b1,retarded,d5:r115:peven:b2,707,1,VISIBLE,yes
995,d5:r211:peven:b2,retarded,d5:r115:peven:b2,707,1,VISIBLE,yes
996,d5:r212:podd:b0,retarded,d5:r119:peven:b2,719,1,VISIBLE,yes
996,d5:r212:podd:b0,advanced,d4:r60:podd:b0,297,1/1,VISIBLE,yes
997,d5:r212:peven:b1,retarded,d5:r119:peven:b2,719,1,VISIBLE,yes
997,d5:r212:peven:b1,advanced,d4:r60:podd:b0,297,1/1,VISIBLE,yes
998,d5:r212:peven:b2,retarded,d5:r119:peven:b2,719,1,VISIBLE,yes
998,d5:r212:peven:b2,advanced,d4:r60:podd:b0,297,1/1,VISIBLE,yes
999,d5:r213:podd:b0,retarded,d5:r123:peven:b2,731,1,VISIBLE,yes
1000,d5:r213:peven:b1,retarded,d5:r123:peven:b2,731,1,VISIBLE,yes
1001,d5:r213:peven:b2,retarded,d5:r123:peven:b2,731,1,VISIBLE,yes
1002,d5:r214:podd:b0,retarded,d5:r127:peven:b2,743,1,VISIBLE,yes
1003,d5:r214:peven:b1,retarded,d5:r127:peven:b2,743,1,VISIBLE,yes
1004,d5:r214:peven:b2,retarded,d5:r127:peven:b2,743,1,VISIBLE,yes
1005,d5:r215:podd:b0,retarded,d5:r131:peven:b2,755,1,VISIBLE,yes
1005,d5:r215:podd:b0,advanced,d4:r62:podd:b0,303,1/1,VISIBLE,yes
1006,d5:r215:peven:b1,retarded,d5:r131:peven:b2,755,1,VISIBLE,yes
1006,d5:r215:peven:b1,advanced,d4:r62:podd:b0,303,1/1,VISIBLE,yes
1007,d5:r215:peven:b2,retarded,d5:r131:peven:b2,755,1,VISIBLE,yes
1007,d5:r215:peven:b2,advanced,d4:r62:podd:b0,303,1/1,VISIBLE,yes
1008,d5:r216:podd:b0,retarded,d5:r135:peven:b2,767,1,VISIBLE,yes
1009,d5:r216:peven:b1,retarded,d5:r135:peven:b2,767,1,VISIBLE,yes
1010,d5:r216:peven:b2,retarded,d5:r135:peven:b2,767,1,VISIBLE,yes
1011,d5:r217:podd:b0,retarded,d5:r139:peven:b2,779,1,VISIBLE,yes
1012,d5:r217:peven:b1,retarded,d5:r139:peven:b2,779,1,VISIBLE,yes
1013,d5:r217:peven:b2,retarded,d5:r139:peven:b2,779,1,VISIBLE,yes
1014,d5:r218:podd:b0,retarded,d5:r143:peven:b2,791,1,VISIBLE,yes
1014,d5:r218:podd:b0,advanced,d4:r64:podd:b0,309,1/1,VISIBLE,yes
1015,d5:r218:peven:b1,retarded,d5:r143:peven:b2,791,1,VISIBLE,yes
1015,d5:r218:peven:b1,advanced,d4:r64:podd:b0,309,1/1,VISIBLE,yes
1016,d5:r218:peven:b2,retarded,d5:r143:peven:b2,791,1,VISIBLE,yes
1016,d5:r218:peven:b2,advanced,d4:r64:podd:b0,309,1/1,VISIBLE,yes
1017,d5:r219:podd:b0,retarded,d5:r147:peven:b2,803,1,VISIBLE,yes
1018,d5:r219:peven:b1,retarded,d5:r147:peven:b2,803,1,VISIBLE,yes
1019,d5:r219:peven:b2,retarded,d5:r147:peven:b2,803,1,VISIBLE,yes
1020,d5:r220:podd:b0,retarded,d5:r151:peven:b2,815,1,VISIBLE,yes
1021,d5:r220:peven:b1,retarded,d5:r151:peven:b2,815,1,VISIBLE,yes
1022,d5:r220:peven:b2,retarded,d5:r151:peven:b2,815,1,VISIBLE,yes
1023,d5:r221:podd:b0,retarded,d5:r155:peven:b2,827,1,VISIBLE,yes
1023,d5:r221:podd:b0,advanced,d4:r66:podd:b0,315,1/1,VISIBLE,yes
1024,d5:r221:peven:b1,retarded,d5:r155:peven:b2,827,1,VISIBLE,yes
1024,d5:r221:peven:b1,advanced,d4:r66:podd:b0,315,1/1,VISIBLE,yes
1025,d5:r221:peven:b2,retarded,d5:r155:peven:b2,827,1,VISIBLE,yes
1025,d5:r221:peven:b2,advanced,d4:r66:podd:b0,315,1/1,VISIBLE,yes
1026,d5:r222:podd:b0,retarded,d5:r159:peven:b2,839,1,VISIBLE,yes
1027,d5:r222:peven:b1,retarded,d5:r159:peven:b2,839,1,VISIBLE,yes
1028,d5:r222:peven:b2,retarded,d5:r159:peven:b2,839,1,VISIBLE,yes
1029,d5:r223:podd:b0,retarded,d5:r163:peven:b2,851,1,VISIBLE,yes
1030,d5:r223:peven:b1,retarded,d5:r163:peven:b2,851,1,VISIBLE,yes
1031,d5:r223:peven:b2,retarded,d5:r163:peven:b2,851,1,VISIBLE,yes
1032,d5:r224:podd:b0,retarded,d5:r167:peven:b2,863,1,VISIBLE,yes
1032,d5:r224:podd:b0,advanced,d4:r68:podd:b0,321,1/1,VISIBLE,yes
1033,d5:r224:peven:b1,retarded,d5:r167:peven:b2,863,1,VISIBLE,yes
1033,d5:r224:peven:b1,advanced,d4:r68:podd:b0,321,1/1,VISIBLE,yes
1034,d5:r224:peven:b2,retarded,d5:r167:peven:b2,863,1,VISIBLE,yes
1034,d5:r224:peven:b2,advanced,d4:r68:podd:b0,321,1/1,VISIBLE,yes
1035,d5:r225:podd:b0,retarded,d5:r171:peven:b2,875,1,VISIBLE,yes
1036,d5:r225:peven:b1,retarded,d5:r171:peven:b2,875,1,VISIBLE,yes
1037,d5:r225:peven:b2,retarded,d5:r171:peven:b2,875,1,VISIBLE,yes
1038,d5:r226:podd:b0,retarded,d5:r175:peven:b2,887,1,VISIBLE,yes
1039,d5:r226:peven:b1,retarded,d5:r175:peven:b2,887,1,VISIBLE,yes
1040,d5:r226:peven:b2,retarded,d5:r175:peven:b2,887,1,VISIBLE,yes
1041,d5:r227:podd:b0,retarded,d5:r179:peven:b2,899,1,VISIBLE,yes
1041,d5:r227:podd:b0,advanced,d4:r70:podd:b0,327,1/1,VISIBLE,yes
1042,d5:r227:peven:b1,retarded,d5:r179:peven:b2,899,1,VISIBLE,yes
1042,d5:r227:peven:b1,advanced,d4:r70:podd:b0,327,1/1,VISIBLE,yes
1043,d5:r227:peven:b2,retarded,d5:r179:peven:b2,899,1,VISIBLE,yes
1043,d5:r227:peven:b2,advanced,d4:r70:podd:b0,327,1/1,VISIBLE,yes
1044,d5:r228:podd:b0,retarded,d5:r183:peven:b2,911,1,VISIBLE,yes
1045,d5:r228:peven:b1,retarded,d5:r183:peven:b2,911,1,VISIBLE,yes
1046,d5:r228:peven:b2,retarded,d5:r183:peven:b2,911,1,VISIBLE,yes
1047,d5:r229:podd:b0,retarded,d5:r187:peven:b2,923,1,VISIBLE,yes
1048,d5:r229:peven:b1,retarded,d5:r187:peven:b2,923,1,VISIBLE,yes
1049,d5:r229:peven:b2,retarded,d5:r187:peven:b2,923,1,VISIBLE,yes
1050,d5:r230:podd:b0,retarded,d5:r191:peven:b2,935,1,VISIBLE,yes
1050,d5:r230:podd:b0,advanced,d4:r72:podd:b0,333,1/1,VISIBLE,yes
1051,d5:r230:peven:b1,retarded,d5:r191:peven:b2,935,1,VISIBLE,yes
1051,d5:r230:peven:b1,advanced,d4:r72:podd:b0,333,1/1,VISIBLE,yes
1052,d5:r230:peven:b2,retarded,d5:r191:peven:b2,935,1,VISIBLE,yes
1052,d5:r230:peven:b2,advanced,d4:r72:podd:b0,333,1/1,VISIBLE,yes
1053,d5:r231:podd:b0,retarded,d5:r195:peven:b2,947,1,VISIBLE,yes
1054,d5:r231:peven:b1,retarded,d5:r195:peven:b2,947,1,VISIBLE,yes
1055,d5:r231:peven:b2,retarded,d5:r195:peven:b2,947,1,VISIBLE,yes
1056,d5:r232:podd:b0,retarded,d5:r199:peven:b2,959,1,VISIBLE,yes
1057,d5:r232:peven:b1,retarded,d5:r199:peven:b2,959,1,VISIBLE,yes
1058,d5:r232:peven:b2,retarded,d5:r199:peven:b2,959,1,VISIBLE,yes
1059,d5:r233:podd:b0,retarded,d5:r203:peven:b2,971,1,VISIBLE,yes
1059,d5:r233:podd:b0,advanced,d4:r74:podd:b0,339,1/1,VISIBLE,yes
1060,d5:r233:peven:b1,retarded,d5:r203:peven:b2,971,1,VISIBLE,yes
1060,d5:r233:peven:b1,advanced,d4:r74:podd:b0,339,1/1,VISIBLE,yes
1061,d5:r233:peven:b2,retarded,d5:r203:peven:b2,971,1,VISIBLE,yes
1061,d5:r233:peven:b2,advanced,d4:r74:podd:b0,339,1/1,VISIBLE,yes
1062,d5:r234:podd:b0,retarded,d5:r207:peven:b2,983,1,VISIBLE,yes
1063,d5:r234:peven:b1,retarded,d5:r207:peven:b2,983,1,VISIBLE,yes
1064,d5:r234:peven:b2,retarded,d5:r207:peven:b2,983,1,VISIBLE,yes
1065,d5:r235:podd:b0,retarded,d5:r211:peven:b2,995,1,VISIBLE,yes
1066,d5:r235:peven:b1,retarded,d5:r211:peven:b2,995,1,VISIBLE,yes
1067,d5:r235:peven:b2,retarded,d5:r211:peven:b2,995,1,VISIBLE,yes
1068,d5:r236:podd:b0,retarded,d5:r215:peven:b2,1007,1,VISIBLE,yes
1068,d5:r236:podd:b0,advanced,d4:r76:podd:b0,345,1/1,VISIBLE,yes
1069,d5:r236:peven:b1,retarded,d5:r215:peven:b2,1007,1,VISIBLE,yes
1069,d5:r236:peven:b1,advanced,d4:r76:podd:b0,345,1/1,VISIBLE,yes
1070,d5:r236:peven:b2,retarded,d5:r215:peven:b2,1007,1,VISIBLE,yes
1070,d5:r236:peven:b2,advanced,d4:r76:podd:b0,345,1/1,VISIBLE,yes
1071,d5:r237:podd:b0,retarded,d5:r219:peven:b2,1019,1,VISIBLE,yes
1072,d5:r237:peven:b1,retarded,d5:r219:peven:b2,1019,1,VISIBLE,yes
1073,d5:r237:peven:b2,retarded,d5:r219:peven:b2,1019,1,VISIBLE,yes
1074,d5:r238:podd:b0,retarded,d5:r223:peven:b2,1031,1,VISIBLE,yes
1075,d5:r238:peven:b1,retarded,d5:r223:peven:b2,1031,1,VISIBLE,yes
1076,d5:r238:peven:b2,retarded,d5:r223:peven:b2,1031,1,VISIBLE,yes
1077,d5:r239:podd:b0,retarded,d5:r227:peven:b2,1043,1,VISIBLE,yes
1077,d5:r239:podd:b0,advanced,d4:r78:podd:b0,351,1/1,VISIBLE,yes
1078,d5:r239:peven:b1,retarded,d5:r227:peven:b2,1043,1,VISIBLE,yes
1078,d5:r239:peven:b1,advanced,d4:r78:podd:b0,351,1/1,VISIBLE,yes
1079,d5:r239:peven:b2,retarded,d5:r227:peven:b2,1043,1,VISIBLE,yes
1079,d5:r239:peven:b2,advanced,d4:r78:podd:b0,351,1/1,VISIBLE,yes
1080,d5:r240:podd:b0,retarded,d5:r231:peven:b2,1055,1,VISIBLE,yes
1081,d5:r240:peven:b1,retarded,d5:r231:peven:b2,1055,1,VISIBLE,yes
1082,d5:r240:peven:b2,retarded,d5:r231:peven:b2,1055,1,VISIBLE,yes
1083,d5:r241:podd:b0,retarded,d5:r235:peven:b2,1067,1,VISIBLE,yes
1084,d5:r241:peven:b1,retarded,d5:r235:peven:b2,1067,1,VISIBLE,yes
1085,d5:r241:peven:b2,retarded,d5:r235:peven:b2,1067,1,VISIBLE,yes
1086,d5:r242:podd:b0,retarded,d5:r239:peven:b2,1079,1,VISIBLE,yes
1086,d5:r242:podd:b0,advanced,d4:r80:podd:b0,357,1/1,VISIBLE,yes
1087,d5:r242:peven:b1,retarded,d5:r239:peven:b2,1079,1,VISIBLE,yes
1087,d5:r242:peven:b1,advanced,d4:r80:podd:b0,357,1/1,VISIBLE,yes
1088,d5:r242:peven:b2,retarded,d5:r239:peven:b2,1079,1,VISIBLE,yes
1088,d5:r242:peven:b2,advanced,d4:r80:podd:b0,357,1/1,VISIBLE,yes
