state_id,state,depth,residue,parity,nu2_bucket,has_advanced_branch,naive_visible_column_sum
0,d1:r0:podd:b0,1,0,odd,0,no,1/1
1,d1:r0:peven:b1,1,0,even,1,no,1/1
2,d1:r0:peven:b2,1,0,even,2,no,1/1
3,d1:r1:podd:b0,1,1,odd,0,no,1/1
4,d1:r1:peven:b1,1,1,even,1,no,1/1
5,d1:r1:peven:b2,1,1,even,2,no,1/1
6,d1:r2:podd:b0,1,2,odd,0,yes,1/1
7,d1:r2:peven:b1,1,2,even,1,yes,1/1
8,d1:r2:peven:b2,1,2,even,2,yes,1/1
9,d2:r0:podd:b0,2,0,odd,0,no,1/1
10,d2:r0:peven:b1,2,0,even,1,no,1/1
11,d2:r0:peven:b2,2,0,even,2,no,1/1
12,d2:r1:podd:b0,2,1,odd,0,no,1/1
13,d2:r1:peven:b1,2,1,even,1,no,1/1
14,d2:r1:peven:b2,2,1,even,2,no,1/1
15,d2:r2:podd:b0,2,2,odd,0,yes,2/1
16,d2:r2:peven:b1,2,2,even,1,yes,2/1
17,d2:r2:peven:b2,2,2,even,2,yes,2/1
18,d2:r3:podd:b0,2,3,odd,0,no,1/1
19,d2:r3:peven:b1,2,3,even,1,no,1/1
20,d2:r3:peven:b2,2,3,even,2,no,1/1
21,d2:r4:podd:b0,2,4,odd,0,no,1/1
22,d2:r4:peven:b1,2,4,even,1,no,1/1
23,d2:r4:peven:b2,2,4,even,2,no,1/1
24,d2:r5:podd:b0,2,5,odd,0,yes,2/1
25,d2:r5:peven:b1,2,5,even,1,yes,2/1
26,d2:r5:peven:b2,2,5,even,2,yes,2/1
27,d2:r6:podd:b0,2,6,odd,0,no,1/1
28,d2:r6:peven:b1,2,6,even,1,no,1/1
29,d2:r6:peven:b2,2,6,even,2,no,1/1
30,d2:r7:podd:b0,2,7,odd,0,no,1/1
31,d2:r7:peven:b1,2,7,even,1,no,1/1
32,d2:r7:peven:b2,2,7,even,2,no,1/1
33,d2:r8:podd:b0,2,8,odd,0,yes,2/1
34,d2:r8:peven:b1,2,8,even,1,yes,2/1
35,d2:r8:peven:b2,2,8,even,2,yes,2/1
36,d3:r0:podd:b0,3,0,odd,0,no,1/1
37,d3:r0:peven:b1,3,0,even,1,no,1/1
38,d3:r0:peven:b2,3,0,even,2,no,1/1
39,d3:r1:podd:b0,3,1,odd,0,no,1/1
40,d3:r1:peven:b1,3,1,even,1,no,1/1
41,d3:r1:peven:b2,3,1,even,2,no,1/1
42,d3:r2:podd:b0,3,2,odd,0,yes,2/1
43,d3:r2:peven:b1,3,2,even,1,yes,2/1
44,d3:r2:peven:b2,3,2,even,2,yes,2/1
45,d3:r3:podd:b0,3,3,odd,0,no,1/1
46,d3:r3:peven:b1,3,3,even,1,no,1/1
47,d3:r3:peven:b2,3,3,even,2,no,1/1
48,d3:r4:podd:b0,3,4,odd,0,no,1/1
49,d3:r4:peven:b1,3,4,even,1,no,1/1
50,d3:r4:peven:b2,3,4,even,2,no,1/1
51,d3:r5:podd:b0,3,5,odd,0,yes,2/1
52,d3:r5:peven:b1,3,5,even,1,yes,2/1
53,d3:r5:peven:b2,3,5,even,2,yes,2/1
54,d3:r6:podd:b0,3,6,odd,0,no,1/1
55,d3:r6:peven:b1,3,6,even,1,no,1/1
56,d3:r6:peven:b2,3,6,even,2,no,1/1
57,d3:r7:podd:b0,3,7,odd,0,no,1/1
58,d3:r7:peven:b1,3,7,even,1,no,1/1
59,d3:r7:peven:b2,3,7,even,2,no,1/1
60,d3:r8:podd:b0,3,8,odd,0,yes,2/1
61,d3:r8:peven:b1,3,8,even,1,yes,2/1
62,d3:r8:peven:b2,3,8,even,2,yes,2/1
63,d3:r9:podd:b0,3,9,odd,0,no,1/1
64,d3:r9:peven:b1,3,9,even,1,no,1/1
65,d3:r9:peven:b2,3,9,even,2,no,1/1
66,d3:r10:podd:b0,3,10,odd,0,no,1/1
67,d3:r10:peven:b1,3,10,even,1,no,1/1
68,d3:r10:peven:b2,3,10,even,2,no,1/1
69,d3:r11:podd:b0,3,11,odd,0,yes,2/1
70,d3:r11:peven:b1,3,11,even,1,yes,2/1
71,d3:r11:peven:b2,3,11,even,2,yes,2/1
72,d3:r12:podd:b0,3,12,odd,0,no,1/1
73,d3:r12:peven:b1,3,12,even,1,no,1/1
74,d3:r12:peven:b2,3,12,even,2,no,1/1
75,d3:r13:podd:b0,3,13,odd,0,no,1/1
76,d3:r13:peven:b1,3,13,even,1,no,1/1
77,d3:r13:peven:b2,3,13,even,2,no,1/1
78,d3:r14:podd:b0,3,14,odd,0,yes,2/1
79,d3:r14:peven:b1,3,14,even,1,yes,2/1
80,d3:r14:peven:b2,3,14,even,2,yes,2/1
81,d3:r15:podd:b0,3,15,odd,0,no,1/1
82,d3:r15:peven:b1,3,15,even,1,no,1/1
83,d3:r15:peven:b2,3,15,even,2,no,1/1
84,d3:r16:podd:b0,3,16,odd,0,no,1/1
85,d3:r16:peven:b1,3,16,even,1,no,1/1
86,d3:r16:peven:b2,3,16,even,2,no,1/1
87,d3:r17:podd:b0,3,17,odd,0,yes,2/1
88,d3:r17:peven:b1,3,17,even,1,yes,2/1
89,d3:r17:peven:b2,3,17,even,2,yes,2/1
90,d3:r18:podd:b0,3,18,odd,0,no,1/1
91,d3:r18:peven:b1,3,18,even,1,no,1/1
92,d3:r18:peven:b2,3,18,even,2,no,1/1
93,d3:r19:podd:b0,3,19,odd,0,no,1/1
94,d3:r19:peven:b1,3,19,even,1,no,1/1
95,d3:r19:peven:b2,3,19,even,2,no,1/1
96,d3:r20:podd:b0,3,20,odd,0,yes,2/1
97,d3:r20:peven:b1,3,20,even,1,yes,2/1
98,d3:r20:peven:b2,3,20,even,2,yes,2/1
99,d3:r21:podd:b0,3,21,odd,0,no,1/1
100,d3:r21:peven:b1,3,21,even,1,no,1/1
101,d3:r21:peven:b2,3,21,even,2,no,1/1
102,d3:r22:podd:b0,3,22,odd,0,no,1/1
103,d3:r22:peven:b1,3,22,even,1,no,1/1
104,d3:r22:peven:b2,3,22,even,2,no,1/1
105,d3:r23:podd:b0,3,23,odd,0,yes,2/1
106,d3:r23:peven:b1,3,23,even,1,yes,2/1
107,d3:r23:peven:b2,3,23,even,2,yes,2/1
108,d3:r24:podd:b0,3,24,odd,0,no,1/1
109,d3:r24:peven:b1,3,24,even,1,no,1/1
110,d3:r24:peven:b2,3,24,even,2,no,1/1
111,d3:r25:podd:b0,3,25,odd,0,no,1/1
112,d3:r25:peven:b1,3,25,even,1,no,1/1
113,d3:r25:peven:b2,3,25,even,2,no,1/1
114,d3:r26:podd:b0,3,26,odd,0,yes,2/1
115,d3:r26:peven:b1,3,26,even,1,yes,2/1
116,d3:r26:peven:b2,3,26,even,2,yes,2/1
117,d4:r0:podd:b0,4,0,odd,0,no,1/1
118,d4:r0:peven:b1,4,0,even,1,no,1/1
119,d4:r0:peven:b2,4,0,even,2,no,1/1
120,d4:r1:podd:b0,4,1,odd,0,no,1/1
121,d4:r1:peven:b1,4,1,even,1,no,1/1
122,d4:r1:peven:b2,4,1,even,2,no,1/1
123,d4:r2:podd:b0,4,2,odd,0,yes,2/1
124,d4:r2:peven:b1,4,2,even,1,yes,2/1
125,d4:r2:peven:b2,4,2,even,2,yes,2/1
126,d4:r3:podd:b0,4,3,odd,0,no,1/1
127,d4:r3:peven:b1,4,3,even,1,no,1/1
128,d4:r3:peven:b2,4,3,even,2,no,1/1
129,d4:r4:podd:b0,4,4,odd,0,no,1/1
130,d4:r4:peven:b1,4,4,even,1,no,1/1
131,d4:r4:peven:b2,4,4,even,2,no,1/1
132,d4:r5:podd:b0,4,5,odd,0,yes,2/1
133,d4:r5:peven:b1,4,5,even,1,yes,2/1
134,d4:r5:peven:b2,4,5,even,2,yes,2/1
135,d4:r6:podd:b0,4,6,odd,0,no,1/1
136,d4:r6:peven:b1,4,6,even,1,no,1/1
137,d4:r6:peven:b2,4,6,even,2,no,1/1
138,d4:r7:podd:b0,4,7,odd,0,no,1/1
139,d4:r7:peven:b1,4,7,even,1,no,1/1
140,d4:r7:peven:b2,4,7,even,2,no,1/1
141,d4:r8:podd:b0,4,8,odd,0,yes,2/1
142,d4:r8:peven:b1,4,8,even,1,yes,2/1
143,d4:r8:peven:b2,4,8,even,2,yes,2/1
144,d4:r9:podd:b0,4,9,odd,0,no,1/1
145,d4:r9:peven:b1,4,9,even,1,no,1/1
146,d4:r9:peven:b2,4,9,even,2,no,1/1
147,d4:r10:podd:b0,4,10,odd,0,no,1/1
148,d4:r10:peven:b1,4,10,even,1,no,1/1
149,d4:r10:peven:b2,4,10,even,2,no,1/1
150,d4:r11:podd:b0,4,11,odd,0,yes,2/1
151,d4:r11:peven:b1,4,11,even,1,yes,2/1
152,d4:r11:peven:b2,4,11,even,2,yes,2/1
153,d4:r12:podd:b0,4,12,odd,0,no,1/1
154,d4:r12:peven:b1,4,12,even,1,no,1/1
155,d4:r12:peven:b2,4,12,even,2,no,1/1
156,d4:r13:podd:b0,4,13,odd,0,no,1/1
157,d4:r13:peven:b1,4,13,even,1,no,1/1
158,d4:r13:peven:b2,4,13,even,2,no,1/1
159,d4:r14:podd:b0,4,14,odd,0,yes,2/1
160,d4:r14:peven:b1,4,14,even,1,yes,2/1
161,d4:r14:peven:b2,4,14,even,2,yes,2/1
162,d4:r15:podd:b0,4,15,odd,0,no,1/1
163,d4:r15:peven:b1,4,15,even,1,no,1/1
164,d4:r15:peven:b2,4,15,even,2,no,1/1
165,d4:r16:podd:b0,4,16,odd,0,no,1/1
166,d4:r16:peven:b1,4,16,even,1,no,1/1
167,d4:r16:peven:b2,4,16,even,2,no,1/1
168,d4:r17:podd:b0,4,17,odd,0,yes,2/1
169,d4:r17:peven:b1,4,17,even,1,yes,2/1
170,d4:r17:peven:b2,4,17,even,2,yes,2/1
171,d4:r18:podd:b0,4,18,odd,0,no,1/1
172,d4:r18:peven:b1,4,18,even,1,no,1/1
173,d4:r18:peven:b2,4,18,even,2,no,1/1
174,d4:r19:podd:b0,4,19,odd,0,no,1/1
175,d4:r19:peven:b1,4,19,even,1,no,1/1
176,d4:r19:peven:b2,4,19,even,2,no,1/1
177,d4:r20:podd:b0,4,20,odd,0,yes,2/1
178,d4:r20:peven:b1,4,20,even,1,yes,2/1
179,d4:r20:peven:b2,4,20,even,2,yes,2/1
180,d4:r21:podd:b0,4,21,odd,0,no,1/1
181,d4:r21:peven:b1,4,21,even,1,no,1/1
182,d4:r21:peven:b2,4,21,even,2,no,1/1
183,d4:r22:podd:b0,4,22,odd,0,no,1/1
184,d4:r22:peven:b1,4,22,even,1,no,1/1
185,d4:r22:peven:b2,4,22,even,2,no,1/1
186,d4:r23:podd:b0,4,23,odd,0,yes,2/1
187,d4:r23:peven:b1,4,23,even,1,yes,2/1
188,d4:r23:peven:b2,4,23,even,2,yes,2/1
189,d4:r24:podd:b0,4,24,odd,0,no,1/1
190,d4:r24:peven:b1,4,24,even,1,no,1/1
191,d4:r24:peven:b2,4,24,even,2,no,1/1
192,d4:r25:podd:b0,4,25,odd,0,no,1/1
193,d4:r25:peven:b1,4,25,even,1,no,1/1
194,d4:r25:peven:b2,4,25,even,2,no,1/1
195,d4:r26:podd:b0,4,26,odd,0,yes,2/1
196,d4:r26:peven:b1,4,26,even,1,yes,2/1
197,d4:r26:peven:b2,4,26,even,2,yes,2/1
198,d4:r27:podd:b0,4,27,odd,0,no,1/1
199,d4:r27:peven:b1,4,27,even,1,no,1/1
200,d4:r27:peven:b2,4,27,even,2,no,1/1
201,d4:r28:podd:b0,4,28,odd,0,no,1/1
202,d4:r28:peven:b1,4,28,even,1,no,1/1
203,d4:r28:peven:b2,4,28,even,2,no,1/1
204,d4:r29:podd:b0,4,29,odd,0,yes,2/1
205,d4:r29:peven:b1,4,29,even,1,yes,2/1
206,d4:r29:peven:b2,4,29,even,2,yes,2/1
207,d4:r30:podd:b0,4,30,odd,0,no,1/1
208,d4:r30:peven:b1,4,30,even,1,no,1/1
209,d4:r30:peven:b2,4,30,even,2,no,1/1
210,d4:r31:podd:b0,4,31,odd,0,no,1/1
211,d4:r31:peven:b1,4,31,even,1,no,1/1
212,d4:r31:peven:b2,4,31,even,2,no,1/1
213,d4:r32:podd:b0,4,32,odd,0,yes,2/1
214,d4:r32:peven:b1,4,32,even,1,yes,2/1
215,d4:r32:peven:b2,4,32,even,2,yes,2/1
216,d4:r33:podd:b0,4,33,odd,0,no,1/1
217,d4:r33:peven:b1,4,33,even,1,no,1/1
218,d4:r33:peven:b2,4,33,even,2,no,1/1
219,d4:r34:podd:b0,4,34,odd,0,no,1/1
220,d4:r34:peven:b1,4,34,even,1,no,1/1
221,d4:r34:peven:b2,4,34,even,2,no,1/1
222,d4:r35:podd:b0,4,35,odd,0,yes,2/1
223,d4:r35:peven:b1,4,35,even,1,yes,2/1
224,d4:r35:peven:b2,4,35,even,2,yes,2/1
225,d4:r36:podd:b0,4,36,odd,0,no,1/1
226,d4:r36:peven:b1,4,36,even,1,no,1/1
227,d4:r36:peven:b2,4,36,even,2,no,1/1
228,d4:r37:podd:b0,4,37,odd,0,no,1/1
229,d4:r37:peven:b1,4,37,even,1,no,1/1
230,d4:r37:peven:b2,4,37,even,2,no,1/1
231,d4:r38:podd:b0,4,38,odd,0,yes,2/1
232,d4:r38:peven:b1,4,38,even,1,yes,2/1
233,d4:r38:peven:b2,4,38,even,2,yes,2/1
234,d4:r39:podd:b0,4,39,odd,0,no,1/1
235,d4:r39:peven:b1,4,39,even,1,no,1/1
236,d4:r39:peven:b2,4,39,even,2,no,1/1
237,d4:r40:podd:b0,4,40,odd,0,no,1/1
238,d4:r40:peven:b1,4,40,even,1,no,1/1
239,d4:r40:peven:b2,4,40,even,2,no,1/1
240,d4:r41:podd:b0,4,41,odd,0,yes,2/1
241,d4:r41:peven:b1,4,41,even,1,yes,2/1
242,d4:r41:peven:b2,4,41,even,2,yes,2/1
243,d4:r42:podd:b0,4,42,odd,0,no,1/1
244,d4:r42:peven:b1,4,42,even,1,no,1/1
245,d4:r42:peven:b2,4,42,even,2,no,1/1
246,d4:r43:podd:b0,4,43,odd,0,no,1/1
247,d4:r43:peven:b1,4,43,even,1,no,1/1
248,d4:r43:peven:b2,4,43,even,2,no,1/1
249,d4:r44:podd:b0,4,44,odd,0,yes,2/1
250,d4:r44:peven:b1,4,44,even,1,yes,2/1
251,d4:r44:peven:b2,4,44,even,2,yes,2/1
252,d4:r45:podd:b0,4,45,odd,0,no,1/1
253,d4:r45:peven:b1,4,45,even,1,no,1/1
254,d4:r45:peven:b2,4,45,even,2,no,1/1
255,d4:r46:podd:b0,4,46,odd,0,no,1/1
256,d4:r46:peven:b1,4,46,even,1,no,1/1
257,d4:r46:peven:b2,4,46,even,2,no,1/1
258,d4:r47:podd:b0,4,47,odd,0,yes,2/1
259,d4:r47:peven:b1,4,47,even,1,yes,2/1
260,d4:r47:peven:b2,4,47,even,2,yes,2/1
261,d4:r48:podd:b0,4,48,odd,0,no,1/1
262,d4:r48:peven:b1,4,48,even,1,no,1/1
263,d4:r48:peven:b2,4,48,even,2,no,1/1
264,d4:r49:podd:b0,4,49,odd,0,no,1/1
265,d4:r49:peven:b1,4,49,even,1,no,1/1
266,d4:r49:peven:b2,4,49,even,2,no,1/1
267,d4:r50:podd:b0,4,50,odd,0,yes,2/1
268,d4:r50:peven:b1,4,50,even,1,yes,2/1
269,d4:r50:peven:b2,4,50,even,2,yes,2/1
270,d4:r51:podd:b0,4,51,odd,0,no,1/1
271,d4:r51:peven:b1,4,51,even,1,no,1/1
272,d4:r51:peven:b2,4,51,even,2,no,1/1
273,d4:r52:podd:b0,4,52,odd,0,no,1/1
274,d4:r52:peven:b1,4,52,even,1,no,1/1
275,d4:r52:peven:b2,4,52,even,2,no,1/1
276,d4:r53:podd:b0,4,53,odd,0,yes,2/1
277,d4:r53:peven:b1,4,53,even,1,yes,2/1
278,d4:r53:peven:b2,4,53,even,2,yes,2/1
279,d4:r54:podd:b0,4,54,odd,0,no,1/1
280,d4:r54:peven:b1,4,54,even,1,no,1/1
281,d4:r54:peven:b2,4,54,even,2,no,1/1
282,d4:r55:podd:b0,4,55,odd,0,no,1/1
283,d4:r55:peven:b1,4,55,even,1,no,1/1
284,d4:r55:peven:b2,4,55,even,2,no,1/1
285,d4:r56:podd:b0,4,56,odd,0,yes,2/1
286,d4:r56:peven:b1,4,56,even,1,yes,2/1
287,d4:r56:peven:b2,4,56,even,2,yes,2/1
288,d4:r57:podd:b0,4,57,odd,0,no,1/1
289,d4:r57:peven:b1,4,57,even,1,no,1/1
290,d4:r57:peven:b2,4,57,even,2,no,1/1
291,d4:r58:podd:b0,4,58,odd,0,no,1/1
292,d4:r58:peven:b1,4,58,even,1,no,1/1
293,d4:r58:peven:b2,4,58,even,2,no,1/1
294,d4:r59:podd:b0,4,59,odd,0,yes,2/1
295,d4:r59:peven:b1,4,59,even,1,yes,2/1
296,d4:r59:peven:b2,4,59,even,2,yes,2/1
297,d4:r60:podd:b0,4,60,odd,0,no,1/1
298,d4:r60:peven:b1,4,60,even,1,no,1/1
299,d4:r60:peven:b2,4,60,even,2,no,1/1
300,d4:r61:podd:b0,4,61,odd,0,no,1/1
301,d4:r61:peven:b1,4,61,even,1,no,1/1
302,d4:r61:peven:b2,4,61,even,2,no,1/1
303,d4:r62:podd:b0,4,62,odd,0,yes,2/1
304,d4:r62:peven:b1,4,62,even,1,yes,2/1
305,d4:r62:peven:b2,4,62,even,2,yes,2/1
306,d4:r63:podd:b0,4,63,odd,0,no,1/1
307,d4:r63:peven:b1,4,63,even,1,no,1/1
308,d4:r63:peven:b2,4,63,even,2,no,1/1
309,d4:r64:podd:b0,4,64,odd,0,no,1/1
310,d4:r64:peven:b1,4,64,even,1,no,1/1
311,d4:r64:peven:b2,4,64,even,2,no,1/1
312,d4:r65:podd:b0,4,65,odd,0,yes,2/1
313,d4:r65:peven:b1,4,65,even,1,yes,2/1
314,d4:r65:peven:b2,4,65,even,2,yes,2/1
315,d4:r66:podd:b0,4,66,odd,0,no,1/1
316,d4:r66:peven:b1,4,66,even,1,no,1/1
317,d4:r66:peven:b2,4,66,even,2,no,1/1
318,d4:r67:podd:b0,4,67,odd,0,no,1/1
319,d4:r67:peven:b1,4,67,even,1,no,1/1
320,d4:r67:peven:b2,4,67,even,2,no,1/1
321,d4:r68:podd:b0,4,68,odd,0,yes,2/1
322,d4:r68:peven:b1,4,68,even,1,yes,2/1
323,d4:r68:peven:b2,4,68,even,2,yes,2/1
324,d4:r69:podd:b0,4,69,odd,0,no,1/1
325,d4:r69:peven:b1,4,69,even,1,no,1/1
326,d4:r69:peven:b2,4,69,even,2,no,1/1
327,d4:r70:podd:b0,4,70,odd,0,no,1/1
328,d4:r70:peven:b1,4,70,even,1,no,1/1
329,d4:r70:peven:b2,4,70,even,2,no,1/1
330,d4:r71:podd:b0,4,71,odd,0,yes,2/1
331,d4:r71:peven:b1,4,71,even,1,yes,2/1
332,d4:r71:peven:b2,4,71,even,2,yes,2/1
333,d4:r72:podd:b0,4,72,odd,0,no,1/1
334,d4:r72:peven:b1,4,72,even,1,no,1/1
335,d4:r72:peven:b2,4,72,even,2,no,1/1
336,d4:r73:podd:b0,4,73,odd,0,no,1/1
337,d4:r73:peven:b1,4,73,even,1,no,1/1
338,d4:r73:peven:b2,4,73,even,2,no,1/1
339,d4:r74:podd:b0,4,74,odd,0,yes,2/1
340,d4:r74:peven:b1,4,74,even,1,yes,2/1
341,d4:r74:peven:b2,4,74,even,2,yes,2/1
342,d4:r75:podd:b0,4,75,odd,0,no,1/1
343,d4:r75:peven:b1,4,75,even,1,no,1/1
344,d4:r75:peven:b2,4,75,even,2,no,1/1
345,d4:r76:podd:b0,4,76,odd,0,no,1/1
346,d4:r76:peven:b1,4,76,even,1,no,1/1
347,d4:r76:peven:b2,4,76,even,2,no,1/1
348,d4:r77:podd:b0,4,77,odd,0,yes,2/1
349,d4:r77:peven:b1,4,77,even,1,yes,2/1
350,d4:r77:peven:b2,4,77,even,2,yes,2/1
351,d4:r78:podd:b0,4,78,odd,0,no,1/1
352,d4:r78:peven:b1,4,78,even,1,no,1/1
353,d4:r78:peven:b2,4,78,even,2,no,1/1
354,d4:r79:podd:b0,4,79,odd,0,no,1/1
355,d4:r79:peven:b1,4,79,even,1,no,1/1
356,d4:r79:peven:b2,4,79,even,2,no,1/1
357,d4:r80:podd:b0,4,80,odd,0,yes,2/1
358,d4:r80:peven:b1,4,80,even,1,yes,2/1
359,d4:r80:peven:b2,4,80,even,2,yes,2/1
360,d5:r0:podd:b0,5,0,odd,0,no,1/1
361,d5:r0:peven:b1,5,0,even,1,no,1/1
362,d5:r0:peven:b2,5,0,even,2,no,1/1
363,d5:r1:podd:b0,5,1,odd,0,no,1/1
364,d5:r1:peven:b1,5,1,even,1,no,1/1
365,d5:r1:peven:b2,5,1,even,2,no,1/1
366,d5:r2:podd:b0,5,2,odd,0,yes,2/1
367,d5:r2:peven:b1,5,2,even,1,yes,2/1
368,d5:r2:peven:b2,5,2,even,2,yes,2/1
369,d5:r3:podd:b0,5,3,odd,0,no,1/1
370,d5:r3:peven:b1,5,3,even,1,no,1/1
371,d5:r3:peven:b2,5,3,even,2,no,1/1
372,d5:r4:podd:b0,5,4,odd,0,no,1/1
373,d5:r4:peven:b1,5,4,even,1,no,1/1
374,d5:r4:peven:b2,5,4,even,2,no,1/1
375,d5:r5:podd:b0,5,5,odd,0,yes,2/1
376,d5:r5:peven:b1,5,5,even,1,yes,2/1
377,d5:r5:peven:b2,5,5,even,2,yes,2/1
378,d5:r6:podd:b0,5,6,odd,0,no,1/1
379,d5:r6:peven:b1,5,6,even,1,no,1/1
380,d5:r6:peven:b2,5,6,even,2,no,1/1
381,d5:r7:podd:b0,5,7,odd,0,no,1/1
382,d5:r7:peven:b1,5,7,even,1,no,1/1
383,d5:r7:peven:b2,5,7,even,2,no,1/1
384,d5:r8:podd:b0,5,8,odd,0,yes,2/1
385,d5:r8:peven:b1,5,8,even,1,yes,2/1
386,d5:r8:peven:b2,5,8,even,2,yes,2/1
387,d5:r9:podd:b0,5,9,odd,0,no,1/1
388,d5:r9:peven:b1,5,9,even,1,no,1/1
389,d5:r9:peven:b2,5,9,even,2,no,1/1
390,d5:r10:podd:b0,5,10,odd,0,no,1/1
391,d5:r10:peven:b1,5,10,even,1,no,1/1
392,d5:r10:peven:b2,5,10,even,2,no,1/1
393,d5:r11:podd:b0,5,11,odd,0,yes,2/1
394,d5:r11:peven:b1,5,11,even,1,yes,2/1
395,d5:r11:peven:b2,5,11,even,2,yes,2/1
396,d5:r12:podd:b0,5,12,odd,0,no,1/1
397,d5:r12:peven:b1,5,12,even,1,no,1/1
398,d5:r12:peven:b2,5,12,even,2,no,1/1
399,d5:r13:podd:b0,5,13,odd,0,no,1/1
400,d5:r13:peven:b1,5,13,even,1,no,1/1
401,d5:r13:peven:b2,5,13,even,2,no,1/1
402,d5:r14:podd:b0,5,14,odd,0,yes,2/1
403,d5:r14:peven:b1,5,14,even,1,yes,2/1
404,d5:r14:peven:b2,5,14,even,2,yes,2/1
405,d5:r15:podd:b0,5,15,odd,0,no,1/1
406,d5:r15:peven:b1,5,15,even,1,no,1/1
407,d5:r15:peven:b2,5,15,even,2,no,1/1
408,d5:r16:podd:b0,5,16,odd,0,no,1/1
409,d5:r16:peven:b1,5,16,even,1,no,1/1
410,d5:r16:peven:b2,5,16,even,2,no,1/1
411,d5:r17:podd:b0,5,17,odd,0,yes,2/1
412,d5:r17:peven:b1,5,17,even,1,yes,2/1
413,d5:r17:peven:b2,5,17,even,2,yes,2/1
414,d5:r18:podd:b0,5,18,odd,0,no,1/1
415,d5:r18:peven:b1,5,18,even,1,no,1/1
416,d5:r18:peven:b2,5,18,even,2,no,1/1
417,d5:r19:podd:b0,5,19,odd,0,no,1/1
418,d5:r19:peven:b1,5,19,even,1,no,1/1
419,d5:r19:peven:b2,5,19,even,2,no,1/1
420,d5:r20:podd:b0,5,20,odd,0,yes,2/1
421,d5:r20:peven:b1,5,20,even,1,yes,2/1
422,d5:r20:peven:b2,5,20,even,2,yes,2/1
423,d5:r21:podd:b0,5,21,odd,0,no,1/1
424,d5:r21:peven:b1,5,21,even,1,no,1/1
425,d5:r21:peven:b2,5,21,even,2,no,1/1
426,d5:r22:podd:b0,5,22,odd,0,no,1/1
427,d5:r22:peven:b1,5,22,even,1,no,1/1
428,d5:r22:peven:b2,5,22,even,2,no,1/1
429,d5:r23:podd:b0,5,23,odd,0,yes,2/1
430,d5:r23:peven:b1,5,23,even,1,yes,2/1
431,d5:r23:peven:b2,5,23,even,2,yes,2/1
432,d5:r24:podd:b0,5,24,odd,0,no,1/1
433,d5:r24:peven:b1,5,24,even,1,no,1/1
434,d5:r24:peven:b2,5,24,even,2,no,1/1
435,d5:r25:podd:b0,5,25,odd,0,no,1/1
436,d5:r25:peven:b1,5,25,even,1,no,1/1
437,d5:r25:peven:b2,5,25,even,2,no,1/1
438,d5:r26:podd:b0,5,26,odd,0,yes,2/1
439,d5:r26:peven:b1,5,26,even,1,yes,2/1
440,d5:r26:peven:b2,5,26,even,2,yes,2/1
441,d5:r27:podd:b0,5,27,odd,0,no,1/1
442,d5:r27:peven:b1,5,27,even,1,no,1/1
443,d5:r27:peven:b2,5,27,even,2,no,1/1
444,d5:r28:podd:b0,5,28,odd,0,no,1/1
445,d5:r28:peven:b1,5,28,even,1,no,1/1
446,d5:r28:peven:b2,5,28,even,2,no,1/1
447,d5:r29:podd:b0,5,29,odd,0,yes,2/1
448,d5:r29:peven:b1,5,29,even,1,yes,2/1
449,d5:r29:peven:b2,5,29,even,2,yes,2/1
450,d5:r30:podd:b0,5,30,odd,0,no,1/1
451,d5:r30:peven:b1,5,30,even,1,no,1/1
452,d5:r30:peven:b2,5,30,even,2,no,1/1
453,d5:r31:podd:b0,5,31,odd,0,no,1/1
454,d5:r31:peven:b1,5,31,even,1,no,1/1
455,d5:r31:peven:b2,5,31,even,2,no,1/1
456,d5:r32:podd:b0,5,32,odd,0,yes,2/1
457,d5:r32:peven:b1,5,32,even,1,yes,2/1
458,d5:r32:peven:b2,5,32,even,2,yes,2/1
459,d5:r33:podd:b0,5,33,odd,0,no,1/1
460,d5:r33:peven:b1,5,33,even,1,no,1/1
461,d5:r33:peven:b2,5,33,even,2,no,1/1
462,d5:r34:podd:b0,5,34,odd,0,no,1/1
463,d5:r34:peven:b1,5,34,even,1,no,1/1
464,d5:r34:peven:b2,5,34,even,2,no,1/1
465,d5:r35:podd:b0,5,35,odd,0,yes,2/1
466,d5:r35:peven:b1,5,35,even,1,yes,2/1
467,d5:r35:peven:b2,5,35,even,2,yes,2/1
468,d5:r36:podd:b0,5,36,odd,0,no,1/1
469,d5:r36:peven:b1,5,36,even,1,no,1/1
470,d5:r36:peven:b2,5,36,even,2,no,1/1
471,d5:r37:podd:b0,5,37,odd,0,no,1/1
472,d5:r37:peven:b1,5,37,even,1,no,1/1
473,d5:r37:peven:b2,5,37,even,2,no,1/1
474,d5:r38:podd:b0,5,38,odd,0,yes,2/1
475,d5:r38:peven:b1,5,38,even,1,yes,2/1
476,d5:r38:peven:b2,5,38,even,2,yes,2/1
477,d5:r39:podd:b0,5,39,odd,0,no,1/1
478,d5:r39:peven:b1,5,39,even,1,no,1/1
479,d5:r39:peven:b2,5,39,even,2,no,1/1
480,d5:r40:podd:b0,5,40,odd,0,no,1/1
481,d5:r40:peven:b1,5,40,even,1,no,1/1
482,d5:r40:peven:b2,5,40,even,2,no,1/1
483,d5:r41:podd:b0,5,41,odd,0,yes,2/1
484,d5:r41:peven:b1,5,41,even,1,yes,2/1
485,d5:r41:peven:b2,5,41,even,2,yes,2/1
486,d5:r42:podd:b0,5,42,odd,0,no,1/1
487,d5:r42:peven:b1,5,42,even,1,no,1/1
488,d5:r42:peven:b2,5,42,even,2,no,1/1
489,d5:r43:podd:b0,5,43,odd,0,no,1/1
490,d5:r43:peven:b1,5,43,even,1,no,1/1
491,d5:r43:peven:b2,5,43,even,2,no,1/1
492,d5:r44:podd:b0,5,44,odd,0,yes,2/1
493,d5:r44:peven:b1,5,44,even,1,yes,2/1
494,d5:r44:peven:b2,5,44,even,2,yes,2/1
495,d5:r45:podd:b0,5,45,odd,0,no,1/1
496,d5:r45:peven:b1,5,45,even,1,no,1/1
497,d5:r45:peven:b2,5,45,even,2,no,1/1
498,d5:r46:podd:b0,5,46,odd,0,no,1/1
499,d5:r46:peven:b1,5,46,even,1,no,1/1
500,d5:r46:peven:b2,5,46,even,2,no,1/1
501,d5:r47:podd:b0,5,47,odd,0,yes,2/1
502,d5:r47:peven:b1,5,47,even,1,yes,2/1
503,d5:r47:peven:b2,5,47,even,2,yes,2/1
504,d5:r48:podd:b0,5,48,odd,0,no,1/1
505,d5:r48:peven:b1,5,48,even,1,no,1/1
506,d5:r48:peven:b2,5,48,even,2,no,1/1
507,d5:r49:podd:b0,5,49,odd,0,no,1/1
508,d5:r49:peven:b1,5,49,even,1,no,1/1
509,d5:r49:peven:b2,5,49,even,2,no,1/1
510,d5:r50:podd:b0,5,50,odd,0,yes,2/1
511,d5:r50:peven:b1,5,50,even,1,yes,2/1
512,d5:r50:peven:b2,5,50,even,2,yes,2/1
513,d5:r51:podd:b0,5,51,odd,0,no,1/1
514,d5:r51:peven:b1,5,51,even,1,no,1/1
515,d5:r51:peven:b2,5,51,even,2,no,1/1
516,d5:r52:podd:b0,5,52,odd,0,no,1/1
517,d5:r52:peven:b1,5,52,even,1,no,1/1
518,d5:r52:peven:b2,5,52,even,2,no,1/1
519,d5:r53:podd:b0,5,53,odd,0,yes,2/1
520,d5:r53:peven:b1,5,53,even,1,yes,2/1
521,d5:r53:peven:b2,5,53,even,2,yes,2/1
522,d5:r54:podd:b0,5,54,odd,0,no,1/1
523,d5:r54:peven:b1,5,54,even,1,no,1/1
524,d5:r54:peven:b2,5,54,even,2,no,1/1
525,d5:r55:podd:b0,5,55,odd,0,no,1/1
526,d5:r55:peven:b1,5,55,even,1,no,1/1
527,d5:r55:peven:b2,5,55,even,2,no,1/1
528,d5:r56:podd:b0,5,56,odd,0,yes,2/1
529,d5:r56:peven:b1,5,56,even,1,yes,2/1
530,d5:r56:peven:b2,5,56,even,2,yes,2/1
531,d5:r57:podd:b0,5,57,odd,0,no,1/1
532,d5:r57:peven:b1,5,57,even,1,no,1/1
533,d5:r57:peven:b2,5,57,even,2,no,1/1
534,d5:r58:podd:b0,5,58,odd,0,no,1/1
535,d5:r58:peven:b1,5,58,even,1,no,1/1
536,d5:r58:peven:b2,5,58,even,2,no,1/1
537,d5:r59:podd:b0,5,59,odd,0,yes,2/1
538,d5:r59:peven:b1,5,59,even,1,yes,2/1
539,d5:r59:peven:b2,5,59,even,2,yes,2/1
540,d5:r60:podd:b0,5,60,odd,0,no,1/1
541,d5:r60:peven:b1,5,60,even,1,no,1/1
542,d5:r60:peven:b2,5,60,even,2,no,1/1
543,d5:r61:podd:b0,5,61,odd,0,no,1/1
544,d5:r61:peven:b1,5,61,even,1,no,1/1
545,d5:r61:peven:b2,5,61,even,2,no,1/1
546,d5:r62:podd:b0,5,62,odd,0,yes,2/1
547,d5:r62:peven:b1,5,62,even,1,yes,2/1
548,d5:r62:peven:b2,5,62,even,2,yes,2/1
549,d5:r63:podd:b0,5,63,odd,0,no,1/1
550,d5:r63:peven:b1,5,63,even,1,no,1/1
551,d5:r63:peven:b2,5,63,even,2,no,1/1
552,d5:r64:podd:b0,5,64,odd,0,no,1/1
553,d5:r64:peven:b1,5,64,even,1,no,1/1
554,d5:r64:peven:b2,5,64,even,2,no,1/1
555,d5:r65:podd:b0,5,65,odd,0,yes,2/1
556,d5:r65:peven:b1,5,65,even,1,yes,2/1
557,d5:r65:peven:b2,5,65,even,2,yes,2/1
558,d5:r66:podd:b0,5,66,odd,0,no,1/1
559,d5:r66:peven:b1,5,66,even,1,no,1/1
560,d5:r66:peven:b2,5,66,even,2,no,1/1
561,d5:r67:podd:b0,5,67,odd,0,no,1/1
562,d5:r67:peven:b1,5,67,even,1,no,1/1
563,d5:r67:peven:b2,5,67,even,2,no,1/1
564,d5:r68:podd:b0,5,68,odd,0,yes,2/1
565,d5:r68:peven:b1,5,68,even,1,yes,2/1
566,d5:r68:peven:b2,5,68,even,2,yes,2/1
567,d5:r69:podd:b0,5,69,odd,0,no,1/1
568,d5:r69:peven:b1,5,69,even,1,no,1/1
569,d5:r69:peven:b2,5,69,even,2,no,1/1
570,d5:r70:podd:b0,5,70,odd,0,no,1/1
571,d5:r70:peven:b1,5,70,even,1,no,1/1
572,d5:r70:peven:b2,5,70,even,2,no,1/1
573,d5:r71:podd:b0,5,71,odd,0,yes,2/1
574,d5:r71:peven:b1,5,71,even,1,yes,2/1
575,d5:r71:peven:b2,5,71,even,2,yes,2/1
576,d5:r72:podd:b0,5,72,odd,0,no,1/1
577,d5:r72:peven:b1,5,72,even,1,no,1/1
578,d5:r72:peven:b2,5,72,even,2,no,1/1
579,d5:r73:podd:b0,5,73,odd,0,no,1/1
580,d5:r73:peven:b1,5,73,even,1,no,1/1
581,d5:r73:peven:b2,5,73,even,2,no,1/1
582,d5:r74:podd:b0,5,74,odd,0,yes,2/1
583,d5:r74:peven:b1,5,74,even,1,yes,2/1
584,d5:r74:peven:b2,5,74,even,2,yes,2/1
585,d5:r75:podd:b0,5,75,odd,0,no,1/1
586,d5:r75:peven:b1,5,75,even,1,no,1/1
587,d5:r75:peven:b2,5,75,even,2,no,1/1
588,d5:r76:podd:b0,5,76,odd,0,no,1/1
589,d5:r76:peven:b1,5,76,even,1,no,1/1
590,d5:r76:peven:b2,5,76,even,2,no,1/1
591,d5:r77:podd:b0,5,77,odd,0,yes,2/1
592,d5:r77:peven:b1,5,77,even,1,yes,2/1
593,d5:r77:peven:b2,5,77,even,2,yes,2/1
594,d5:r78:podd:b0,5,78,odd,0,no,1/1
595,d5:r78:peven:b1,5,78,even,1,no,1/1
596,d5:r78:peven:b2,5,78,even,2,no,1/1
597,d5:r79:podd:b0,5,79,odd,0,no,1/1
598,d5:r79:peven:b1,5,79,even,1,no,1/1
599,d5:r79:peven:b2,5,79,even,2,no,1/1
600,d5:r80:podd:b0,5,80,odd,0,yes,2/1
601,d5:r80:peven:b1,5,80,even,1,yes,2/1
602,d5:r80:peven:b2,5,80,even,2,yes,2/1
603,d5:r81:podd:b0,5,81,odd,0,no,1/1
604,d5:r81:peven:b1,5,81,even,1,no,1/1
605,d5:r81:peven:b2,5,81,even,2,no,1/1
606,d5:r82:podd:b0,5,82,odd,0,no,1/1
607,d5:r82:peven:b1,5,82,even,1,no,1/1
608,d5:r82:peven:b2,5,82,even,2,no,1/1
609,d5:r83:podd:b0,5,83,odd,0,yes,2/1
610,d5:r83:peven:b1,5,83,even,1,yes,2/1
611,d5:r83:peven:b2,5,83,even,2,yes,2/1
612,d5:r84:podd:b0,5,84,odd,0,no,1/1
613,d5:r84:peven:b1,5,84,even,1,no,1/1
614,d5:r84:peven:b2,5,84,even,2,no,1/1
615,d5:r85:podd:b0,5,85,odd,0,no,1/1
616,d5:r85:peven:b1,5,85,even,1,no,1/1
617,d5:r85:peven:b2,5,85,even,2,no,1/1
618,d5:r86:podd:b0,5,86,odd,0,yes,2/1
619,d5:r86:peven:b1,5,86,even,1,yes,2/1
620,d5:r86:peven:b2,5,86,even,2,yes,2/1
621,d5:r87:podd:b0,5,87,odd,0,no,1/1
622,d5:r87:peven:b1,5,87,even,1,no,1/1
623,d5:r87:peven:b2,5,87,even,2,no,1/1
624,d5:r88:podd:b0,5,88,odd,0,no,1/1
625,d5:r88:peven:b1,5,88,even,1,no,1/1
626,d5:r88:peven:b2,5,88,even,2,no,1/1
627,d5:r89:podd:b0,5,89,odd,0,yes,2/1
628,d5:r89:peven:b1,5,89,even,1,yes,2/1
629,d5:r89:peven:b2,5,89,even,2,yes,2/1
630,d5:r90:podd:b0,5,90,odd,0,no,1/1
631,d5:r90:peven:b1,5,90,even,1,no,1/1
632,d5:r90:peven:b2,5,90,even,2,no,1/1
633,d5:r91:podd:b0,5,91,odd,0,no,1/1
634,d5:r91:peven:b1,5,91,even,1,no,1/1
635,d5:r91:peven:b2,5,91,even,2,no,1/1
636,d5:r92:podd:b0,5,92,odd,0,yes,2/1
637,d5:r92:peven:b1,5,92,even,1,yes,2/1
638,d5:r92:peven:b2,5,92,even,2,yes,2/1
639,d5:r93:podd:b0,5,93,odd,0,no,1/1
640,d5:r93:peven:b1,5,93,even,1,no,1/1
641,d5:r93:peven:b2,5,93,even,2,no,1/1
642,d5:r94:podd:b0,5,94,odd,0,no,1/1
643,d5:r94:peven:b1,5,94,even,1,no,1/1
644,d5:r94:peven:b2,5,94,even,2,no,1/1
645,d5:r95:podd:b0,5,95,odd,0,yes,2/1
646,d5:r95:peven:b1,5,95,even,1,yes,2/1
647,d5:r95:peven:b2,5,95,even,2,yes,2/1
648,d5:r96:podd:b0,5,96,odd,0,no,1/1
649,d5:r96:peven:b1,5,96,even,1,no,1/1
650,d5:r96:peven:b2,5,96,even,2,no,1/1
651,d5:r97:podd:b0,5,97,odd,0,no,1/1
652,d5:r97:peven:b1,5,97,even,1,no,1/1
653,d5:r97:peven:b2,5,97,even,2,no,1/1
654,d5:r98:podd:b0,5,98,odd,0,yes,2/1
655,d5:r98:peven:b1,5,98,even,1,yes,2/1
656,d5:r98:peven:b2,5,98,even,2,yes,2/1
657,d5:r99:podd:b0,5,99,odd,0,no,1/1
658,d5:r99:peven:b1,5,99,even,1,no,1/1
659,d5:r99:peven:b2,5,99,even,2,no,1/1
660,d5:r100:podd:b0,5,100,odd,0,no,1/1
661,d5:r100:peven:b1,5,100,even,1,no,1/1
662,d5:r100:peven:b2,5,100,even,2,no,1/1
663,d5:r101:podd:b0,5,101,odd,0,yes,2/1
664,d5:r101:peven:b1,5,101,even,1,yes,2/1
665,d5:r101:peven:b2,5,101,even,2,yes,2/1
666,d5:r102:podd:b0,5,102,odd,0,no,1/1
667,d5:r102:peven:b1,5,102,even,1,no,1/1
668,d5:r102:peven:b2,5,102,even,2,no,1/1
669,d5:r103:podd:b0,5,103,odd,0,no,1/1
670,d5:r103:peven:b1,5,103,even,1,no,1/1
671,d5:r103:peven:b2,5,103,even,2,no,1/1
672,d5:r104:podd:b0,5,104,odd,0,yes,2/1
673,d5:r104:peven:b1,5,104,even,1,yes,2/1
674,d5:r104:peven:b2,5,104,even,2,yes,2/1
675,d5:r105:podd:b0,5,105,odd,0,no,1/1
676,d5:r105:peven:b1,5,105,even,1,no,1/1
677,d5:r105:peven:b2,5,105,even,2,no,1/1
678,d5:r106:podd:b0,5,106,odd,0,no,1/1
679,d5:r106:peven:b1,5,106,even,1,no,1/1
680,d5:r106:peven:b2,5,106,even,2,no,1/1
681,d5:r107:podd:b0,5,107,odd,0,yes,2/1
682,d5:r107:peven:b1,5,107,even,1,yes,2/1
683,d5:r107:peven:b2,5,107,even,2,yes,2/1
684,d5:r108:podd:b0,5,108,odd,0,no,1/1
685,d5:r108:peven:b1,5,108,even,1,no,1/1
686,d5:r108:peven:b2,5,108,even,2,no,1/1
687,d5:r109:podd:b0,5,109,odd,0,no,1/1
688,d5:r109:peven:b1,5,109,even,1,no,1/1
689,d5:r109:peven:b2,5,109,even,2,no,1/1
690,d5:r110:podd:b0,5,110,odd,0,yes,2/1
691,d5:r110:peven:b1,5,110,even,1,yes,2/1
692,d5:r110:peven:b2,5,110,even,2,yes,2/1
693,d5:r111:podd:b0,5,111,odd,0,no,1/1
694,d5:r111:peven:b1,5,111,even,1,no,1/1
695,d5:r111:peven:b2,5,111,even,2,no,1/1
696,d5:r112:podd:b0,5,112,odd,0,no,1/1
697,d5:r112:peven:b1,5,112,even,1,no,1/1
698,d5:r112:peven:b2,5,112,even,2,no,1/1
699,d5:r113:podd:b0,5,113,odd,0,yes,2/1
700,d5:r113:peven:b1,5,113,even,1,yes,2/1
701,d5:r113:peven:b2,5,113,even,2,yes,2/1
702,d5:r114:podd:b0,5,114,odd,0,no,1/1
703,d5:r114:peven:b1,5,114,even,1,no,1/1
704,d5:r114:peven:b2,5,114,even,2,no,1/1
705,d5:r115:podd:b0,5,115,odd,0,no,1/1
706,d5:r115:peven:b1,5,115,even,1,no,1/1
707,d5:r115:peven:b2,5,115,even,2,no,1/1
708,d5:r116:podd:b0,5,116,odd,0,yes,2/1
709,d5:r116:peven:b1,5,116,even,1,yes,2/1
710,d5:r116:peven:b2,5,116,even,2,yes,2/1
711,d5:r117:podd:b0,5,117,odd,0,no,1/1
712,d5:r117:peven:b1,5,117,even,1,no,1/1
713,d5:r117:peven:b2,5,117,even,2,no,1/1
714,d5:r118:podd:b0,5,118,odd,0,no,1/1
715,d5:r118:peven:b1,5,118,even,1,no,1/1
716,d5:r118:peven:b2,5,118,even,2,no,1/1
717,d5:r119:podd:b0,5,119,odd,0,yes,2/1
718,d5:r119:peven:b1,5,119,even,1,yes,2/1
719,d5:r119:peven:b2,5,119,even,2,yes,2/1
720,d5:r120:podd:b0,5,120,odd,0,no,1/1
721,d5:r120:peven:b1,5,120,even,1,no,1/1
722,d5:r120:peven:b2,5,120,even,2,no,1/1
723,d5:r121:podd:b0,5,121,odd,0,no,1/1
724,d5:r121:peven:b1,5,121,even,1,no,1/1
725,d5:r121:peven:b2,5,121,even,2,no,1/1
726,d5:r122:podd:b0,5,122,odd,0,yes,2/1
727,d5:r122:peven:b1,5,122,even,1,yes,2/1
728,d5:r122:peven:b2,5,122,even,2,yes,2/1
729,d5:r123:podd:b0,5,123,odd,0,no,1/1
730,d5:r123:peven:b1,5,123,even,1,no,1/1
731,d5:r123:peven:b2,5,123,even,2,no,1/1
732,d5:r124:podd:b0,5,124,odd,0,no,1/1
733,d5:r124:peven:b1,5,124,even,1,no,1/1
734,d5:r124:peven:b2,5,124,even,2,no,1/1
735,d5:r125:podd:b0,5,125,odd,0,yes,2/1
736,d5:r125:peven:b1,5,125,even,1,yes,2/1
737,d5:r125:peven:b2,5,125,even,2,yes,2/1
738,d5:r126:podd:b0,5,126,odd,0,no,1/1
739,d5:r126:peven:b1,5,126,even,1,no,1/1
740,d5:r126:peven:b2,5,126,even,2,no,1/1
741,d5:r127:podd:b0,5,127,odd,0,no,1/1
742,d5:r127:peven:b1,5,127,even,1,no,1/1
743,d5:r127:peven:b2,5,127,even,2,no,1/1
744,d5:r128:podd:b0,5,128,odd,0,yes,2/1
745,d5:r128:peven:b1,5,128,even,1,yes,2/1
746,d5:r128:peven:b2,5,128,even,2,yes,2/1
747,d5:r129:podd:b0,5,129,odd,0,no,1/1
748,d5:r129:peven:b1,5,129,even,1,no,1/1
749,d5:r129:peven:b2,5,129,even,2,no,1/1
750,d5:r130:podd:b0,5,130,odd,0,no,1/1
751,d5:r130:peven:b1,5,130,even,1,no,1/1
752,d5:r130:peven:b2,5,130,even,2,no,1/1
753,d5:r131:podd:b0,5,131,odd,0,yes,2/1
754,d5:r131:peven:b1,5,131,even,1,yes,2/1
755,d5:r131:peven:b2,5,131,even,2,yes,2/1
756,d5:r132:podd:b0,5,132,odd,0,no,1/1
757,d5:r132:peven:b1,5,132,even,1,no,1/1
758,d5:r132:peven:b2,5,132,even,2,no,1/1
759,d5:r133:podd:b0,5,133,odd,0,no,1/1
760,d5:r133:peven:b1,5,133,even,1,no,1/1
761,d5:r133:peven:b2,5,133,even,2,no,1/1
762,d5:r134:podd:b0,5,134,odd,0,yes,2/1
763,d5:r134:peven:b1,5,134,even,1,yes,2/1
764,d5:r134:peven:b2,5,134,even,2,yes,2/1
765,d5:r135:podd:b0,5,135,odd,0,no,1/1
766,d5:r135:peven:b1,5,135,even,1,no,1/1
767,d5:r135:peven:b2,5,135,even,2,no,1/1
768,d5:r136:podd:b0,5,136,odd,0,no,1/1
769,d5:r136:peven:b1,5,136,even,1,no,1/1
770,d5:r136:peven:b2,5,136,even,2,no,1/1
771,d5:r137:podd:b0,5,137,odd,0,yes,2/1
772,d5:r137:peven:b1,5,137,even,1,yes,2/1
773,d5:r137:peven:b2,5,137,even,2,yes,2/1
774,d5:r138:podd:b0,5,138,odd,0,no,1/1
775,d5:r138:peven:b1,5,138,even,1,no,1/1
776,d5:r138:peven:b2,5,138,even,2,no,1/1
777,d5:r139:podd:b0,5,139,odd,0,no,1/1
778,d5:r139:peven:b1,5,139,even,1,no,1/1
779,d5:r139:peven:b2,5,139,even,2,no,1/1
780,d5:r140:podd:b0,5,140,odd,0,yes,2/1
781,d5:r140:peven:b1,5,140,even,1,yes,2/1
782,d5:r140:peven:b2,5,140,even,2,yes,2/1
783,d5:r141:podd:b0,5,141,odd,0,no,1/1
784,d5:r141:peven:b1,5,141,even,1,no,1/1
785,d5:r141:peven:b2,5,141,even,2,no,1/1
786,d5:r142:podd:b0,5,142,odd,0,no,1/1
787,d5:r142:peven:b1,5,142,even,1,no,1/1
788,d5:r142:peven:b2,5,142,even,2,no,1/1
789,d5:r143:podd:b0,5,143,odd,0,yes,2/1
790,d5:r143:peven:b1,5,143,even,1,yes,2/1
791,d5:r143:peven:b2,5,143,even,2,yes,2/1
792,d5:r144:podd:b0,5,144,odd,0,no,1/1
793,d5:r144:peven:b1,5,144,even,1,no,1/1
794,d5:r144:peven:b2,5,144,even,2,no,1/1
795,d5:r145:podd:b0,5,145,odd,0,no,1/1
796,d5:r145:peven:b1,5,145,even,1,no,1/1
797,d5:r145:peven:b2,5,145,even,2,no,1/1
798,d5:r146:podd:b0,5,146,odd,0,yes,2/1
799,d5:r146:peven:b1,5,146,even,1,yes,2/1
800,d5:r146:peven:b2,5,146,even,2,yes,2/1
801,d5:r147:podd:b0,5,147,odd,0,no,1/1
802,d5:r147:peven:b1,5,147,even,1,no,1/1
803,d5:r147:peven:b2,5,147,even,2,no,1/1
804,d5:r148:podd:b0,5,148,odd,0,no,1/1
805,d5:r148:peven:b1,5,148,even,1,no,1/1
806,d5:r148:peven:b2,5,148,even,2,no,1/1
807,d5:r149:podd:b0,5,149,odd,0,yes,2/1
808,d5:r149:peven:b1,5,149,even,1,yes,2/1
809,d5:r149:peven:b2,5,149,even,2,yes,2/1
810,d5:r150:podd:b0,5,150,odd,0,no,1/1
811,d5:r150:peven:b1,5,150,even,1,no,1/1
812,d5:r150:peven:b2,5,150,even,2,no,1/1
813,d5:r151:podd:b0,5,151,odd,0,no,1/1
814,d5:r151:peven:b1,5,151,even,1,no,1/1
815,d5:r151:peven:b2,5,151,even,2,no,1/1
816,d5:r152:podd:b0,5,152,odd,0,yes,2/1
817,d5:r152:peven:b1,5,152,even,1,yes,2/1
818,d5:r152:peven:b2,5,152,even,2,yes,2/1
819,d5:r153:podd:b0,5,153,odd,0,no,1/1
820,d5:r153:peven:b1,5,153,even,1,no,1/1
821,d5:r153:peven:b2,5,153,even,2,no,1/1
822,d5:r154:podd:b0,5,154,odd,0,no,1/1
823,d5:r154:peven:b1,5,154,even,1,no,1/1
824,d5:r154:peven:b2,5,154,even,2,no,1/1
825,d5:r155:podd:b0,5,155,odd,0,yes,2/1
826,d5:r155:peven:b1,5,155,even,1,yes,2/1
827,d5:r155:peven:b2,5,155,even,2,yes,2/1
828,d5:r156:podd:b0,5,156,odd,0,no,1/1
829,d5:r156:peven:b1,5,156,even,1,no,1/1
830,d5:r156:peven:b2,5,156,even,2,no,1/1
831,d5:r157:podd:b0,5,157,odd,0,no,1/1
832,d5:r157:peven:b1,5,157,even,1,no,1/1
833,d5:r157:peven:b2,5,157,even,2,no,1/1
834,d5:r158:podd:b0,5,158,odd,0,yes,2/1
835,d5:r158:peven:b1,5,158,even,1,yes,2/1
836,d5:r158:peven:b2,5,158,even,2,yes,2/1
837,d5:r159:podd:b0,5,159,odd,0,no,1/1
838,d5:r159:peven:b1,5,159,even,1,no,1/1
839,d5:r159:peven:b2,5,159,even,2,no,1/1
840,d5:r160:podd:b0,5,160,odd,0,no,1/1
841,d5:r160:peven:b1,5,160,even,1,no,1/1
842,d5:r160:peven:b2,5,160,even,2,no,1/1
843,d5:r161:podd:b0,5,161,odd,0,yes,2/1
844,d5:r161:peven:b1,5,161,even,1,yes,2/1
845,d5:r161:peven:b2,5,161,even,2,yes,2/1
846,d5:r162:podd:b0,5,162,odd,0,no,1/1
847,d5:r162:peven:b1,5,162,even,1,no,1/1
848,d5:r162:peven:b2,5,162,even,2,no,1/1
849,d5:r163:podd:b0,5,163,odd,0,no,1/1
850,d5:r163:peven:b1,5,163,even,1,no,1/1
851,d5:r163:peven:b2,5,163,even,2,no,1/1
852,d5:r164:podd:b0,5,164,odd,0,yes,2/1
853,d5:r164:peven:b1,5,164,even,1,yes,2/1
854,d5:r164:peven:b2,5,164,even,2,yes,2/1
855,d5:r165:podd:b0,5,165,odd,0,no,1/1
856,d5:r165:peven:b1,5,165,even,1,no,1/1
857,d5:r165:peven:b2,5,165,even,2,no,1/1
858,d5:r166:podd:b0,5,166,odd,0,no,1/1
859,d5:r166:peven:b1,5,166,even,1,no,1/1
860,d5:r166:peven:b2,5,166,even,2,no,1/1
861,d5:r167:podd:b0,5,167,odd,0,yes,2/1
862,d5:r167:peven:b1,5,167,even,1,yes,2/1
863,d5:r167:peven:b2,5,167,even,2,yes,2/1
864,d5:r168:podd:b0,5,168,odd,0,no,1/1
865,d5:r168:peven:b1,5,168,even,1,no,1/1
866,d5:r168:peven:b2,5,168,even,2,no,1/1
867,d5:r169:podd:b0,5,169,odd,0,no,1/1
868,d5:r169:peven:b1,5,169,even,1,no,1/1
869,d5:r169:peven:b2,5,169,even,2,no,1/1
870,d5:r170:podd:b0,5,170,odd,0,yes,2/1
871,d5:r170:peven:b1,5,170,even,1,yes,2/1
872,d5:r170:peven:b2,5,170,even,2,yes,2/1
873,d5:r171:podd:b0,5,171,odd,0,no,1/1
874,d5:r171:peven:b1,5,171,even,1,no,1/1
875,d5:r171:peven:b2,5,171,even,2,no,1/1
876,d5:r172:podd:b0,5,172,odd,0,no,1/1
877,d5:r172:peven:b1,5,172,even,1,no,1/1
878,d5:r172:peven:b2,5,172,even,2,no,1/1
879,d5:r173:podd:b0,5,173,odd,0,yes,2/1
880,d5:r173:peven:b1,5,173,even,1,yes,2/1
881,d5:r173:peven:b2,5,173,even,2,yes,2/1
882,d5:r174:podd:b0,5,174,odd,0,no,1/1
883,d5:r174:peven:b1,5,174,even,1,no,1/1
884,d5:r174:peven:b2,5,174,even,2,no,1/1
885,d5:r175:podd:b0,5,175,odd,0,no,1/1
886,d5:r175:peven:b1,5,175,even,1,no,1/1
887,d5:r175:peven:b2,5,175,even,2,no,1/1
888,d5:r176:podd:b0,5,176,odd,0,yes,2/1
889,d5:r176:peven:b1,5,176,even,1,yes,2/1
890,d5:r176:peven:b2,5,176,even,2,yes,2/1
891,d5:r177:podd:b0,5,177,odd,0,no,1/1
892,d5:r177:peven:b1,5,177,even,1,no,1/1
893,d5:r177:peven:b2,5,177,even,2,no,1/1
894,d5:r178:podd:b0,5,178,odd,0,no,1/1
895,d5:r178:peven:b1,5,178,even,1,no,1/1
896,d5:r178:peven:b2,5,178,even,2,no,1/1
897,d5:r179:podd:b0,5,179,odd,0,yes,2/1
898,d5:r179:peven:b1,5,179,even,1,yes,2/1
899,d5:r179:peven:b2,5,179,even,2,yes,2/1
900,d5:r180:podd:b0,5,180,odd,0,no,1/1
901,d5:r180:peven:b1,5,180,even,1,no,1/1
902,d5:r180:peven:b2,5,180,even,2,no,1/1
903,d5:r181:podd:b0,5,181,odd,0,no,1/1
904,d5:r181:peven:b1,5,181,even,1,no,1/1
905,d5:r181:peven:b2,5,181,even,2,no,1/1
906,d5:r182:podd:b0,5,182,odd,0,yes,2/1
907,d5:r182:peven:b1,5,182,even,1,yes,2/1
908,d5:r182:peven:b2,5,182,even,2,yes,2/1
909,d5:r183:podd:b0,5,183,odd,0,no,1/1
910,d5:r183:peven:b1,5,183,even,1,no,1/1
911,d5:r183:peven:b2,5,183,even,2,no,1/1
912,d5:r184:podd:b0,5,184,odd,0,no,1/1
913,d5:r184:peven:b1,5,184,even,1,no,1/1
914,d5:r184:peven:b2,5,184,even,2,no,1/1
915,d5:r185:podd:b0,5,185,odd,0,yes,2/1
916,d5:r185:peven:b1,5,185,even,1,yes,2/1
917,d5:r185:peven:b2,5,185,even,2,yes,2/1
918,d5:r186:podd:b0,5,186,odd,0,no,1/1
919,d5:r186:peven:b1,5,186,even,1,no,1/1
920,d5:r186:peven:b2,5,186,even,2,no,1/1
921,d5:r187:podd:b0,5,187,odd,0,no,1/1
922,d5:r187:peven:b1,5,187,even,1,no,1/1
923,d5:r187:peven:b2,5,187,even,2,no,1/1
924,d5:r188:podd:b0,5,188,odd,0,yes,2/1
925,d5:r188:peven:b1,5,188,even,1,yes,2/1
926,d5:r188:peven:b2,5,188,even,2,yes,2/1
927,d5:r189:podd:b0,5,189,odd,0,no,1/1
928,d5:r189:peven:b1,5,189,even,1,no,1/1
929,d5:r189:peven:b2,5,189,even,2,no,1/1
930,d5:r190:podd:b0,5,190,odd,0,no,1/1
931,d5:r190:peven:b1,5,190,even,1,no,1/1
932,d5:r190:peven:b2,5,190,even,2,no,1/1
933,d5:r191:podd:b0,5,191,odd,0,yes,2/1
934,d5:r191:peven:b1,5,191,even,1,yes,2/1
935,d5:r191:peven:b2,5,191,even,2,yes,2/1
936,d5:r192:podd:b0,5,192,odd,0,no,1/1
937,d5:r192:peven:b1,5,192,even,1,no,1/1
938,d5:r192:peven:b2,5,192,even,2,no,1/1
939,d5:r193:podd:b0,5,193,odd,0,no,1/1
940,d5:r193:peven:b1,5,193,even,1,no,1/1
941,d5:r193:peven:b2,5,193,even,2,no,1/1
942,d5:r194:podd:b0,5,194,odd,0,yes,2/1
943,d5:r194:peven:b1,5,194,even,1,yes,2/1
944,d5:r194:peven:b2,5,194,even,2,yes,2/1
945,d5:r195:podd:b0,5,195,odd,0,no,1/1
946,d5:r195:peven:b1,5,195,even,1,no,1/1
947,d5:r195:peven:b2,5,195,even,2,no,1/1
948,d5:r196:podd:b0,5,196,odd,0,no,1/1
949,d5:r196:peven:b1,5,196,even,1,no,1/1
950,d5:r196:peven:b2,5,196,even,2,no,1/1
951,d5:r197:podd:b0,5,197,odd,0,yes,2/1
952,d5:r197:peven:b1,5,197,even,1,yes,2/1
953,d5:r197:peven:b2,5,197,even,2,yes,2/1
954,d5:r198:podd:b0,5,198,odd,0,no,1/1
955,d5:r198:peven:b1,5,198,even,1,no,1/1
956,d5:r198:peven:b2,5,198,even,2,no,1/1
957,d5:r199:podd:b0,5,199,odd,0,no,1/1
958,d5:r199:peven:b1,5,199,even,1,no,1/1
959,d5:r199:peven:b2,5,199,even,2,no,1/1
960,d5:r200:podd:b0,5,200,odd,0,yes,2/1
961,d5:r200:peven:b1,5,200,even,1,yes,2/1
962,d5:r200:peven:b2,5,200,even,2,yes,2/1
963,d5:r201:podd:b0,5,201,odd,0,no,1/1
964,d5:r201:peven:b1,5,201,even,1,no,1/1
965,d5:r201:peven:b2,5,201,even,2,no,1/1
966,d5:r202:podd:b0,5,202,odd,0,no,1/1
967,d5:r202:peven:b1,5,202,even,1,no,1/1
968,d5:r202:peven:b2,5,202,even,2,no,1/1
969,d5:r203:podd:b0,5,203,odd,0,yes,2/1
970,d5:r203:peven:b1,5,203,even,1,yes,2/1
971,d5:r203:peven:b2,5,203,even,2,yes,2/1
972,d5:r204:podd:b0,5,204,odd,0,no,1/1
973,d5:r204:peven:b1,5,204,even,1,no,1/1
974,d5:r204:peven:b2,5,204,even,2,no,1/1
975,d5:r205:podd:b0,5,205,odd,0,no,1/1
976,d5:r205:peven:b1,5,205,even,1,no,1/1
977,d5:r205:peven:b2,5,205,even,2,no,1/1
978,d5:r206:podd:b0,5,206,odd,0,yes,2/1
979,d5:r206:peven:b1,5,206,even,1,yes,2/1
980,d5:r206:peven:b2,5,206,even,2,yes,2/1
981,d5:r207:podd:b0,5,207,odd,0,no,1/1
982,d5:r207:peven:b1,5,207,even,1,no,1/1
983,d5:r207:peven:b2,5,207,even,2,no,1/1
984,d5:r208:podd:b0,5,208,odd,0,no,1/1
985,d5:r208:peven:b1,5,208,even,1,no,1/1
986,d5:r208:peven:b2,5,208,even,2,no,1/1
987,d5:r209:podd:b0,5,209,odd,0,yes,2/1
988,d5:r209:peven:b1,5,209,even,1,yes,2/1
989,d5:r209:peven:b2,5,209,even,2,yes,2/1
990,d5:r210:podd:b0,5,210,odd,0,no,1/1
991,d5:r210:peven:b1,5,210,even,1,no,1/1
992,d5:r210:peven:b2,5,210,even,2,no,1/1
993,d5:r211:podd:b0,5,211,odd,0,no,1/1
994,d5:r211:peven:b1,5,211,even,1,no,1/1
995,d5:r211:peven:b2,5,211,even,2,no,1/1
996,d5:r212:podd:b0,5,212,odd,0,yes,2/1
997,d5:r212:peven:b1,5,212,even,1,yes,2/1
998,d5:r212:peven:b2,5,212,even,2,yes,2/1
999,d5:r213:podd:b0,5,213,odd,0,no,1/1
1000,d5:r213:peven:b1,5,213,even,1,no,1/1
1001,d5:r213:peven:b2,5,213,even,2,no,1/1
1002,d5:r214:podd:b0,5,214,odd,0,no,1/1
1003,d5:r214:peven:b1,5,214,even,1,no,1/1
1004,d5:r214:peven:b2,5,214,even,2,no,1/1
1005,d5:r215:podd:b0,5,215,odd,0,yes,2/1
1006,d5:r215:peven:b1,5,215,even,1,yes,2/1
1007,d5:r215:peven:b2,5,215,even,2,yes,2/1
1008,d5:r216:podd:b0,5,216,odd,0,no,1/1
1009,d5:r216:peven:b1,5,216,even,1,no,1/1
1010,d5:r216:peven:b2,5,216,even,2,no,1/1
1011,d5:r217:podd:b0,5,217,odd,0,no,1/1
1012,d5:r217:peven:b1,5,217,even,1,no,1/1
1013,d5:r217:peven:b2,5,217,even,2,no,1/1
1014,d5:r218:podd:b0,5,218,odd,0,yes,2/1
1015,d5:r218:peven:b1,5,218,even,1,yes,2/1
1016,d5:r218:peven:b2,5,218,even,2,yes,2/1
1017,d5:r219:podd:b0,5,219,odd,0,no,1/1
1018,d5:r219:peven:b1,5,219,even,1,no,1/1
1019,d5:r219:peven:b2,5,219,even,2,no,1/1
1020,d5:r220:podd:b0,5,220,odd,0,no,1/1
1021,d5:r220:peven:b1,5,220,even,1,no,1/1
1022,d5:r220:peven:b2,5,220,even,2,no,1/1
1023,d5:r221:podd:b0,5,221,odd,0,yes,2/1
1024,d5:r221:peven:b1,5,221,even,1,yes,2/1
1025,d5:r221:peven:b2,5,221,even,2,yes,2/1
1026,d5:r222:podd:b0,5,222,odd,0,no,1/1
1027,d5:r222:peven:b1,5,222,even,1,no,1/1
1028,d5:r222:peven:b2,5,222,even,2,no,1/1
1029,d5:r223:podd:b0,5,223,odd,0,no,1/1
1030,d5:r223:peven:b1,5,223,even,1,no,1/1
1031,d5:r223:peven:b2,5,223,even,2,no,1/1
1032,d5:r224:podd:b0,5,224,odd,0,yes,2/1
1033,d5:r224:peven:b1,5,224,even,1,yes,2/1
1034,d5:r224:peven:b2,5,224,even,2,yes,2/1
1035,d5:r225:podd:b0,5,225,odd,0,no,1/1
1036,d5:r225:peven:b1,5,225,even,1,no,1/1
1037,d5:r225:peven:b2,5,225,even,2,no,1/1
1038,d5:r226:podd:b0,5,226,odd,0,no,1/1
1039,d5:r226:peven:b1,5,226,even,1,no,1/1
1040,d5:r226:peven:b2,5,226,even,2,no,1/1
1041,d5:r227:podd:b0,5,227,odd,0,yes,2/1
1042,d5:r227:peven:b1,5,227,even,1,yes,2/1
1043,d5:r227:peven:b2,5,227,even,2,yes,2/1
1044,d5:r228:podd:b0,5,228,odd,0,no,1/1
1045,d5:r228:peven:b1,5,228,even,1,no,1/1
1046,d5:r228:peven:b2,5,228,even,2,no,1/1
1047,d5:r229:podd:b0,5,229,odd,0,no,1/1
1048,d5:r229:peven:b1,5,229,even,1,no,1/1
1049,d5:r229:peven:b2,5,229,even,2,no,1/1
1050,d5:r230:podd:b0,5,230,odd,0,yes,2/1
1051,d5:r230:peven:b1,5,230,even,1,yes,2/1
1052,d5:r230:peven:b2,5,230,even,2,yes,2/1
1053,d5:r231:podd:b0,5,231,odd,0,no,1/1
1054,d5:r231:peven:b1,5,231,even,1,no,1/1
1055,d5:r231:peven:b2,5,231,even,2,no,1/1
1056,d5:r232:podd:b0,5,232,odd,0,no,1/1
1057,d5:r232:peven:b1,5,232,even,1,no,1/1
1058,d5:r232:peven:b2,5,232,even,2,no,1/1
1059,d5:r233:podd:b0,5,233,odd,0,yes,2/1
1060,d5:r233:peven:b1,5,233,even,1,yes,2/1
1061,d5:r233:peven:b2,5,233,even,2,yes,2/1
1062,d5:r234:podd:b0,5,234,odd,0,no,1/1
1063,d5:r234:peven:b1,5,234,even,1,no,1/1
1064,d5:r234:peven:b2,5,234,even,2,no,1/1
1065,d5:r235:podd:b0,5,235,odd,0,no,1/1
1066,d5:r235:peven:b1,5,235,even,1,no,1/1
1067,d5:r235:peven:b2,5,235,even,2,no,1/1
1068,d5:r236:podd:b0,5,236,odd,0,yes,2/1
1069,d5:r236:peven:b1,5,236,even,1,yes,2/1
1070,d5:r236:peven:b2,5,236,even,2,yes,2/1
1071,d5:r237:podd:b0,5,237,odd,0,no,1/1
1072,d5:r237:peven:b1,5,237,even,1,no,1/1
1073,d5:r237:peven:b2,5,237,even,2,no,1/1
1074,d5:r238:podd:b0,5,238,odd,0,no,1/1
1075,d5:r238:peven:b1,5,238,even,1,no,1/1
1076,d5:r238:peven:b2,5,238,even,2,no,1/1
1077,d5:r239:podd:b0,5,239,odd,0,yes,2/1
1078,d5:r239:peven:b1,5,239,even,1,yes,2/1
1079,d5:r239:peven:b2,5,239,even,2,yes,2/1
1080,d5:r240:podd:b0,5,240,odd,0,no,1/1
1081,d5:r240:peven:b1,5,240,even,1,no,1/1
1082,d5:r240:peven:b2,5,240,even,2,no,1/1
1083,d5:r241:podd:b0,5,241,odd,0,no,1/1
1084,d5:r241:peven:b1,5,241,even,1,no,1/1
1085,d5:r241:peven:b2,5,241,even,2,no,1/1
1086,d5:r242:podd:b0,5,242,odd,0,yes,2/1
1087,d5:r242:peven:b1,5,242,even,1,yes,2/1
1088,d5:r242:peven:b2,5,242,even,2,yes,2/1
