root_mode,node_id,parent_id,kind,mode,shift,graph_depth,expansion_depth,status,inverse_word,deletion_reason
8,k3m8_G000,,p,8,0,0,0,expanded,[],
8,k3m8_G001,k3m8_G000,p,5,-2,1,1,terminal,"[""D3:retarded""]",
8,k3m8_G002,k3m8_G000,m,,,1,1,expanded,"[""D3:min""]",
8,k3m8_G003,k3m8_G002,p,5,alpha-1,2,1,expanded,"[""D3:min"", ""class:5""]",
8,k3m8_G004,k3m8_G002,p,14,alpha-1,2,1,expanded,"[""D3:min"", ""class:14""]",
8,k3m8_G005,k3m8_G002,p,23,alpha-1,2,1,expanded,"[""D3:min"", ""class:23""]",
8,k3m8_G006,k3m8_G003,p,20,alpha-3,3,2,terminal,"[""D3:min"", ""class:5"", ""D2:retarded""]",
8,k3m8_G007,k3m8_G004,p,2,alpha-3,3,2,terminal,"[""D3:min"", ""class:14"", ""D2:retarded""]",
8,k3m8_G008,k3m8_G005,p,11,alpha-3,3,2,terminal,"[""D3:min"", ""class:23"", ""D2:retarded""]",
17,k3m17_G000,,p,17,0,0,0,expanded,[],
17,k3m17_G001,k3m17_G000,p,14,-2,1,1,terminal,"[""D3:retarded""]",
17,k3m17_G002,k3m17_G000,m,,,1,1,expanded,"[""D3:min""]",
17,k3m17_G003,k3m17_G002,p,2,alpha-1,2,1,expanded,"[""D3:min"", ""class:2""]",
17,k3m17_G004,k3m17_G002,p,11,alpha-1,2,1,expanded,"[""D3:min"", ""class:11""]",
17,k3m17_G005,k3m17_G002,p,20,alpha-1,2,1,expanded,"[""D3:min"", ""class:20""]",
17,k3m17_G006,k3m17_G003,p,8,alpha-3,3,2,terminal,"[""D3:min"", ""class:2"", ""D1:retarded""]",
17,k3m17_G007,k3m17_G003,m,,,3,2,expanded,"[""D3:min"", ""class:2"", ""D1:min""]",
17,k3m17_G008,k3m17_G007,p,2,2*alpha-3,4,2,expanded,"[""D3:min"", ""class:2"", ""D1:min"", ""class:2""]",
17,k3m17_G009,k3m17_G007,p,11,2*alpha-3,4,2,expanded,"[""D3:min"", ""class:2"", ""D1:min"", ""class:11""]",
17,k3m17_G010,k3m17_G007,p,20,2*alpha-3,4,2,expanded,"[""D3:min"", ""class:2"", ""D1:min"", ""class:20""]",
17,k3m17_G011,k3m17_G004,p,17,alpha-3,3,2,terminal,"[""D3:min"", ""class:11"", ""D1:retarded""]",
17,k3m17_G012,k3m17_G004,m,,,3,2,expanded,"[""D3:min"", ""class:11"", ""D1:min""]",
17,k3m17_G013,k3m17_G012,p,5,2*alpha-3,4,2,expanded,"[""D3:min"", ""class:11"", ""D1:min"", ""class:5""]",
17,k3m17_G014,k3m17_G012,p,14,2*alpha-3,4,2,expanded,"[""D3:min"", ""class:11"", ""D1:min"", ""class:14""]",
17,k3m17_G015,k3m17_G012,p,23,2*alpha-3,4,2,expanded,"[""D3:min"", ""class:11"", ""D1:min"", ""class:23""]",
17,k3m17_G016,k3m17_G005,p,26,alpha-3,3,2,terminal,"[""D3:min"", ""class:20"", ""D1:retarded""]",
17,k3m17_G017,k3m17_G005,m,,,3,2,expanded,"[""D3:min"", ""class:20"", ""D1:min""]",
17,k3m17_G018,k3m17_G017,p,8,2*alpha-3,4,2,expanded,"[""D3:min"", ""class:20"", ""D1:min"", ""class:8""]",
17,k3m17_G019,k3m17_G017,p,17,2*alpha-3,4,2,deleted,"[""D3:min"", ""class:20"", ""D1:min"", ""class:17""]",same mode 17: ancestor k3m17_G000 at 0 < 2*alpha-3
17,k3m17_G020,k3m17_G017,p,26,2*alpha-3,4,2,expanded,"[""D3:min"", ""class:20"", ""D1:min"", ""class:26""]",
17,k3m17_G021,k3m17_G008,p,8,2*alpha-5,5,3,terminal,"[""D3:min"", ""class:2"", ""D1:min"", ""class:2"", ""D1:retarded""]",
17,k3m17_G022,k3m17_G008,m,,,5,3,expanded,"[""D3:min"", ""class:2"", ""D1:min"", ""class:2"", ""D1:min""]",
17,k3m17_G023,k3m17_G022,p,2,3*alpha-5,6,3,terminal,"[""D3:min"", ""class:2"", ""D1:min"", ""class:2"", ""D1:min"", ""class:2""]",
17,k3m17_G024,k3m17_G022,p,11,3*alpha-5,6,3,terminal,"[""D3:min"", ""class:2"", ""D1:min"", ""class:2"", ""D1:min"", ""class:11""]",
17,k3m17_G025,k3m17_G022,p,20,3*alpha-5,6,3,terminal,"[""D3:min"", ""class:2"", ""D1:min"", ""class:2"", ""D1:min"", ""class:20""]",
17,k3m17_G026,k3m17_G009,p,17,2*alpha-5,5,3,terminal,"[""D3:min"", ""class:2"", ""D1:min"", ""class:11"", ""D1:retarded""]",
17,k3m17_G027,k3m17_G009,m,,,5,3,expanded,"[""D3:min"", ""class:2"", ""D1:min"", ""class:11"", ""D1:min""]",
17,k3m17_G028,k3m17_G027,p,5,3*alpha-5,6,3,terminal,"[""D3:min"", ""class:2"", ""D1:min"", ""class:11"", ""D1:min"", ""class:5""]",
17,k3m17_G029,k3m17_G027,p,14,3*alpha-5,6,3,terminal,"[""D3:min"", ""class:2"", ""D1:min"", ""class:11"", ""D1:min"", ""class:14""]",
17,k3m17_G030,k3m17_G027,p,23,3*alpha-5,6,3,terminal,"[""D3:min"", ""class:2"", ""D1:min"", ""class:11"", ""D1:min"", ""class:23""]",
17,k3m17_G031,k3m17_G010,p,26,2*alpha-5,5,3,terminal,"[""D3:min"", ""class:2"", ""D1:min"", ""class:20"", ""D1:retarded""]",
17,k3m17_G032,k3m17_G010,m,,,5,3,expanded,"[""D3:min"", ""class:2"", ""D1:min"", ""class:20"", ""D1:min""]",
17,k3m17_G033,k3m17_G032,p,8,3*alpha-5,6,3,terminal,"[""D3:min"", ""class:2"", ""D1:min"", ""class:20"", ""D1:min"", ""class:8""]",
17,k3m17_G034,k3m17_G032,p,17,3*alpha-5,6,3,terminal,"[""D3:min"", ""class:2"", ""D1:min"", ""class:20"", ""D1:min"", ""class:17""]",
17,k3m17_G035,k3m17_G032,p,26,3*alpha-5,6,3,terminal,"[""D3:min"", ""class:2"", ""D1:min"", ""class:20"", ""D1:min"", ""class:26""]",
17,k3m17_G036,k3m17_G013,p,20,2*alpha-5,5,3,terminal,"[""D3:min"", ""class:11"", ""D1:min"", ""class:5"", ""D2:retarded""]",
17,k3m17_G037,k3m17_G014,p,2,2*alpha-5,5,3,terminal,"[""D3:min"", ""class:11"", ""D1:min"", ""class:14"", ""D2:retarded""]",
17,k3m17_G038,k3m17_G015,p,11,2*alpha-5,5,3,terminal,"[""D3:min"", ""class:11"", ""D1:min"", ""class:23"", ""D2:retarded""]",
17,k3m17_G039,k3m17_G018,p,5,2*alpha-5,5,3,terminal,"[""D3:min"", ""class:20"", ""D1:min"", ""class:8"", ""D3:retarded""]",
17,k3m17_G040,k3m17_G018,m,,,5,3,expanded,"[""D3:min"", ""class:20"", ""D1:min"", ""class:8"", ""D3:min""]",
17,k3m17_G041,k3m17_G040,p,5,3*alpha-4,6,3,expanded,"[""D3:min"", ""class:20"", ""D1:min"", ""class:8"", ""D3:min"", ""class:5""]",
17,k3m17_G042,k3m17_G040,p,14,3*alpha-4,6,3,expanded,"[""D3:min"", ""class:20"", ""D1:min"", ""class:8"", ""D3:min"", ""class:14""]",
17,k3m17_G043,k3m17_G040,p,23,3*alpha-4,6,3,expanded,"[""D3:min"", ""class:20"", ""D1:min"", ""class:8"", ""D3:min"", ""class:23""]",
17,k3m17_G044,k3m17_G020,p,23,2*alpha-5,5,3,terminal,"[""D3:min"", ""class:20"", ""D1:min"", ""class:26"", ""D3:retarded""]",
17,k3m17_G045,k3m17_G020,m,,,5,3,expanded,"[""D3:min"", ""class:20"", ""D1:min"", ""class:26"", ""D3:min""]",
17,k3m17_G046,k3m17_G045,p,8,3*alpha-4,6,3,expanded,"[""D3:min"", ""class:20"", ""D1:min"", ""class:26"", ""D3:min"", ""class:8""]",
17,k3m17_G047,k3m17_G045,p,17,3*alpha-4,6,3,deleted,"[""D3:min"", ""class:20"", ""D1:min"", ""class:26"", ""D3:min"", ""class:17""]",same mode 17: ancestor k3m17_G000 at 0 < 3*alpha-4
17,k3m17_G048,k3m17_G045,p,26,3*alpha-4,6,3,deleted,"[""D3:min"", ""class:20"", ""D1:min"", ""class:26"", ""D3:min"", ""class:26""]",same mode 26: ancestor k3m17_G020 at 2*alpha-3 < 3*alpha-4
17,k3m17_G049,k3m17_G041,p,20,3*alpha-6,7,4,terminal,"[""D3:min"", ""class:20"", ""D1:min"", ""class:8"", ""D3:min"", ""class:5"", ""D2:retarded""]",
17,k3m17_G050,k3m17_G042,p,2,3*alpha-6,7,4,terminal,"[""D3:min"", ""class:20"", ""D1:min"", ""class:8"", ""D3:min"", ""class:14"", ""D2:retarded""]",
17,k3m17_G051,k3m17_G043,p,11,3*alpha-6,7,4,terminal,"[""D3:min"", ""class:20"", ""D1:min"", ""class:8"", ""D3:min"", ""class:23"", ""D2:retarded""]",
17,k3m17_G052,k3m17_G046,p,5,3*alpha-6,7,4,terminal,"[""D3:min"", ""class:20"", ""D1:min"", ""class:26"", ""D3:min"", ""class:8"", ""D3:retarded""]",
17,k3m17_G053,k3m17_G046,m,,,7,4,expanded,"[""D3:min"", ""class:20"", ""D1:min"", ""class:26"", ""D3:min"", ""class:8"", ""D3:min""]",
17,k3m17_G054,k3m17_G053,p,5,4*alpha-5,8,4,expanded,"[""D3:min"", ""class:20"", ""D1:min"", ""class:26"", ""D3:min"", ""class:8"", ""D3:min"", ""class:5""]",
17,k3m17_G055,k3m17_G053,p,14,4*alpha-5,8,4,expanded,"[""D3:min"", ""class:20"", ""D1:min"", ""class:26"", ""D3:min"", ""class:8"", ""D3:min"", ""class:14""]",
17,k3m17_G056,k3m17_G053,p,23,4*alpha-5,8,4,expanded,"[""D3:min"", ""class:20"", ""D1:min"", ""class:26"", ""D3:min"", ""class:8"", ""D3:min"", ""class:23""]",
17,k3m17_G057,k3m17_G054,p,20,4*alpha-7,9,5,terminal,"[""D3:min"", ""class:20"", ""D1:min"", ""class:26"", ""D3:min"", ""class:8"", ""D3:min"", ""class:5"", ""D2:retarded""]",
17,k3m17_G058,k3m17_G055,p,2,4*alpha-7,9,5,terminal,"[""D3:min"", ""class:20"", ""D1:min"", ""class:26"", ""D3:min"", ""class:8"", ""D3:min"", ""class:14"", ""D2:retarded""]",
17,k3m17_G059,k3m17_G056,p,11,4*alpha-7,9,5,terminal,"[""D3:min"", ""class:20"", ""D1:min"", ""class:26"", ""D3:min"", ""class:8"", ""D3:min"", ""class:23"", ""D2:retarded""]",
26,k3m26_G000,,p,26,0,0,0,expanded,[],
26,k3m26_G001,k3m26_G000,p,23,-2,1,1,terminal,"[""D3:retarded""]",
26,k3m26_G002,k3m26_G000,m,,,1,1,expanded,"[""D3:min""]",
26,k3m26_G003,k3m26_G002,p,8,alpha-1,2,1,expanded,"[""D3:min"", ""class:8""]",
26,k3m26_G004,k3m26_G002,p,17,alpha-1,2,1,expanded,"[""D3:min"", ""class:17""]",
26,k3m26_G005,k3m26_G002,p,26,alpha-1,2,1,deleted,"[""D3:min"", ""class:26""]",same mode 26: ancestor k3m26_G000 at 0 < alpha-1
26,k3m26_G006,k3m26_G003,p,5,alpha-3,3,2,terminal,"[""D3:min"", ""class:8"", ""D3:retarded""]",
26,k3m26_G007,k3m26_G003,m,,,3,2,expanded,"[""D3:min"", ""class:8"", ""D3:min""]",
26,k3m26_G008,k3m26_G007,p,5,2*alpha-2,4,2,expanded,"[""D3:min"", ""class:8"", ""D3:min"", ""class:5""]",
26,k3m26_G009,k3m26_G007,p,14,2*alpha-2,4,2,expanded,"[""D3:min"", ""class:8"", ""D3:min"", ""class:14""]",
26,k3m26_G010,k3m26_G007,p,23,2*alpha-2,4,2,expanded,"[""D3:min"", ""class:8"", ""D3:min"", ""class:23""]",
26,k3m26_G011,k3m26_G004,p,14,alpha-3,3,2,terminal,"[""D3:min"", ""class:17"", ""D3:retarded""]",
26,k3m26_G012,k3m26_G004,m,,,3,2,expanded,"[""D3:min"", ""class:17"", ""D3:min""]",
26,k3m26_G013,k3m26_G012,p,2,2*alpha-2,4,2,expanded,"[""D3:min"", ""class:17"", ""D3:min"", ""class:2""]",
26,k3m26_G014,k3m26_G012,p,11,2*alpha-2,4,2,expanded,"[""D3:min"", ""class:17"", ""D3:min"", ""class:11""]",
26,k3m26_G015,k3m26_G012,p,20,2*alpha-2,4,2,expanded,"[""D3:min"", ""class:17"", ""D3:min"", ""class:20""]",
26,k3m26_G016,k3m26_G008,p,20,2*alpha-4,5,3,terminal,"[""D3:min"", ""class:8"", ""D3:min"", ""class:5"", ""D2:retarded""]",
26,k3m26_G017,k3m26_G009,p,2,2*alpha-4,5,3,terminal,"[""D3:min"", ""class:8"", ""D3:min"", ""class:14"", ""D2:retarded""]",
26,k3m26_G018,k3m26_G010,p,11,2*alpha-4,5,3,terminal,"[""D3:min"", ""class:8"", ""D3:min"", ""class:23"", ""D2:retarded""]",
26,k3m26_G019,k3m26_G013,p,8,2*alpha-4,5,3,terminal,"[""D3:min"", ""class:17"", ""D3:min"", ""class:2"", ""D1:retarded""]",
26,k3m26_G020,k3m26_G013,m,,,5,3,expanded,"[""D3:min"", ""class:17"", ""D3:min"", ""class:2"", ""D1:min""]",
26,k3m26_G021,k3m26_G020,p,2,3*alpha-4,6,3,expanded,"[""D3:min"", ""class:17"", ""D3:min"", ""class:2"", ""D1:min"", ""class:2""]",
26,k3m26_G022,k3m26_G020,p,11,3*alpha-4,6,3,expanded,"[""D3:min"", ""class:17"", ""D3:min"", ""class:2"", ""D1:min"", ""class:11""]",
26,k3m26_G023,k3m26_G020,p,20,3*alpha-4,6,3,expanded,"[""D3:min"", ""class:17"", ""D3:min"", ""class:2"", ""D1:min"", ""class:20""]",
26,k3m26_G024,k3m26_G014,p,17,2*alpha-4,5,3,terminal,"[""D3:min"", ""class:17"", ""D3:min"", ""class:11"", ""D1:retarded""]",
26,k3m26_G025,k3m26_G014,m,,,5,3,expanded,"[""D3:min"", ""class:17"", ""D3:min"", ""class:11"", ""D1:min""]",
26,k3m26_G026,k3m26_G025,p,5,3*alpha-4,6,3,expanded,"[""D3:min"", ""class:17"", ""D3:min"", ""class:11"", ""D1:min"", ""class:5""]",
26,k3m26_G027,k3m26_G025,p,14,3*alpha-4,6,3,expanded,"[""D3:min"", ""class:17"", ""D3:min"", ""class:11"", ""D1:min"", ""class:14""]",
26,k3m26_G028,k3m26_G025,p,23,3*alpha-4,6,3,expanded,"[""D3:min"", ""class:17"", ""D3:min"", ""class:11"", ""D1:min"", ""class:23""]",
26,k3m26_G029,k3m26_G015,p,26,2*alpha-4,5,3,terminal,"[""D3:min"", ""class:17"", ""D3:min"", ""class:20"", ""D1:retarded""]",
26,k3m26_G030,k3m26_G015,m,,,5,3,expanded,"[""D3:min"", ""class:17"", ""D3:min"", ""class:20"", ""D1:min""]",
26,k3m26_G031,k3m26_G030,p,8,3*alpha-4,6,3,expanded,"[""D3:min"", ""class:17"", ""D3:min"", ""class:20"", ""D1:min"", ""class:8""]",
26,k3m26_G032,k3m26_G030,p,17,3*alpha-4,6,3,deleted,"[""D3:min"", ""class:17"", ""D3:min"", ""class:20"", ""D1:min"", ""class:17""]",same mode 17: ancestor k3m26_G004 at alpha-1 < 3*alpha-4
26,k3m26_G033,k3m26_G030,p,26,3*alpha-4,6,3,deleted,"[""D3:min"", ""class:17"", ""D3:min"", ""class:20"", ""D1:min"", ""class:26""]",same mode 26: ancestor k3m26_G000 at 0 < 3*alpha-4
26,k3m26_G034,k3m26_G021,p,8,3*alpha-6,7,4,terminal,"[""D3:min"", ""class:17"", ""D3:min"", ""class:2"", ""D1:min"", ""class:2"", ""D1:retarded""]",
26,k3m26_G035,k3m26_G021,m,,,7,4,expanded,"[""D3:min"", ""class:17"", ""D3:min"", ""class:2"", ""D1:min"", ""class:2"", ""D1:min""]",
26,k3m26_G036,k3m26_G035,p,2,4*alpha-6,8,4,expanded,"[""D3:min"", ""class:17"", ""D3:min"", ""class:2"", ""D1:min"", ""class:2"", ""D1:min"", ""class:2""]",
26,k3m26_G037,k3m26_G035,p,11,4*alpha-6,8,4,expanded,"[""D3:min"", ""class:17"", ""D3:min"", ""class:2"", ""D1:min"", ""class:2"", ""D1:min"", ""class:11""]",
26,k3m26_G038,k3m26_G035,p,20,4*alpha-6,8,4,expanded,"[""D3:min"", ""class:17"", ""D3:min"", ""class:2"", ""D1:min"", ""class:2"", ""D1:min"", ""class:20""]",
26,k3m26_G039,k3m26_G022,p,17,3*alpha-6,7,4,terminal,"[""D3:min"", ""class:17"", ""D3:min"", ""class:2"", ""D1:min"", ""class:11"", ""D1:retarded""]",
26,k3m26_G040,k3m26_G022,m,,,7,4,expanded,"[""D3:min"", ""class:17"", ""D3:min"", ""class:2"", ""D1:min"", ""class:11"", ""D1:min""]",
26,k3m26_G041,k3m26_G040,p,5,4*alpha-6,8,4,expanded,"[""D3:min"", ""class:17"", ""D3:min"", ""class:2"", ""D1:min"", ""class:11"", ""D1:min"", ""class:5""]",
26,k3m26_G042,k3m26_G040,p,14,4*alpha-6,8,4,expanded,"[""D3:min"", ""class:17"", ""D3:min"", ""class:2"", ""D1:min"", ""class:11"", ""D1:min"", ""class:14""]",
26,k3m26_G043,k3m26_G040,p,23,4*alpha-6,8,4,expanded,"[""D3:min"", ""class:17"", ""D3:min"", ""class:2"", ""D1:min"", ""class:11"", ""D1:min"", ""class:23""]",
26,k3m26_G044,k3m26_G023,p,26,3*alpha-6,7,4,terminal,"[""D3:min"", ""class:17"", ""D3:min"", ""class:2"", ""D1:min"", ""class:20"", ""D1:retarded""]",
26,k3m26_G045,k3m26_G023,m,,,7,4,expanded,"[""D3:min"", ""class:17"", ""D3:min"", ""class:2"", ""D1:min"", ""class:20"", ""D1:min""]",
26,k3m26_G046,k3m26_G045,p,8,4*alpha-6,8,4,expanded,"[""D3:min"", ""class:17"", ""D3:min"", ""class:2"", ""D1:min"", ""class:20"", ""D1:min"", ""class:8""]",
26,k3m26_G047,k3m26_G045,p,17,4*alpha-6,8,4,expanded,"[""D3:min"", ""class:17"", ""D3:min"", ""class:2"", ""D1:min"", ""class:20"", ""D1:min"", ""class:17""]",
26,k3m26_G048,k3m26_G045,p,26,4*alpha-6,8,4,deleted,"[""D3:min"", ""class:17"", ""D3:min"", ""class:2"", ""D1:min"", ""class:20"", ""D1:min"", ""class:26""]",same mode 26: ancestor k3m26_G000 at 0 < 4*alpha-6
26,k3m26_G049,k3m26_G026,p,20,3*alpha-6,7,4,terminal,"[""D3:min"", ""class:17"", ""D3:min"", ""class:11"", ""D1:min"", ""class:5"", ""D2:retarded""]",
26,k3m26_G050,k3m26_G027,p,2,3*alpha-6,7,4,terminal,"[""D3:min"", ""class:17"", ""D3:min"", ""class:11"", ""D1:min"", ""class:14"", ""D2:retarded""]",
26,k3m26_G051,k3m26_G028,p,11,3*alpha-6,7,4,terminal,"[""D3:min"", ""class:17"", ""D3:min"", ""class:11"", ""D1:min"", ""class:23"", ""D2:retarded""]",
26,k3m26_G052,k3m26_G031,p,5,3*alpha-6,7,4,terminal,"[""D3:min"", ""class:17"", ""D3:min"", ""class:20"", ""D1:min"", ""class:8"", ""D3:retarded""]",
26,k3m26_G053,k3m26_G031,m,,,7,4,expanded,"[""D3:min"", ""class:17"", ""D3:min"", ""class:20"", ""D1:min"", ""class:8"", ""D3:min""]",
26,k3m26_G054,k3m26_G053,p,5,4*alpha-5,8,4,expanded,"[""D3:min"", ""class:17"", ""D3:min"", ""class:20"", ""D1:min"", ""class:8"", ""D3:min"", ""class:5""]",
26,k3m26_G055,k3m26_G053,p,14,4*alpha-5,8,4,expanded,"[""D3:min"", ""class:17"", ""D3:min"", ""class:20"", ""D1:min"", ""class:8"", ""D3:min"", ""class:14""]",
26,k3m26_G056,k3m26_G053,p,23,4*alpha-5,8,4,expanded,"[""D3:min"", ""class:17"", ""D3:min"", ""class:20"", ""D1:min"", ""class:8"", ""D3:min"", ""class:23""]",
26,k3m26_G057,k3m26_G036,p,8,4*alpha-8,9,5,terminal,"[""D3:min"", ""class:17"", ""D3:min"", ""class:2"", ""D1:min"", ""class:2"", ""D1:min"", ""class:2"", ""D1:retarded""]",
26,k3m26_G058,k3m26_G036,m,,,9,5,expanded,"[""D3:min"", ""class:17"", ""D3:min"", ""class:2"", ""D1:min"", ""class:2"", ""D1:min"", ""class:2"", ""D1:min""]",
26,k3m26_G059,k3m26_G058,p,2,5*alpha-8,10,5,terminal,"[""D3:min"", ""class:17"", ""D3:min"", ""class:2"", ""D1:min"", ""class:2"", ""D1:min"", ""class:2"", ""D1:min"", ""class:2""]",
26,k3m26_G060,k3m26_G058,p,11,5*alpha-8,10,5,terminal,"[""D3:min"", ""class:17"", ""D3:min"", ""class:2"", ""D1:min"", ""class:2"", ""D1:min"", ""class:2"", ""D1:min"", ""class:11""]",
26,k3m26_G061,k3m26_G058,p,20,5*alpha-8,10,5,terminal,"[""D3:min"", ""class:17"", ""D3:min"", ""class:2"", ""D1:min"", ""class:2"", ""D1:min"", ""class:2"", ""D1:min"", ""class:20""]",
26,k3m26_G062,k3m26_G037,p,17,4*alpha-8,9,5,terminal,"[""D3:min"", ""class:17"", ""D3:min"", ""class:2"", ""D1:min"", ""class:2"", ""D1:min"", ""class:11"", ""D1:retarded""]",
26,k3m26_G063,k3m26_G037,m,,,9,5,expanded,"[""D3:min"", ""class:17"", ""D3:min"", ""class:2"", ""D1:min"", ""class:2"", ""D1:min"", ""class:11"", ""D1:min""]",
26,k3m26_G064,k3m26_G063,p,5,5*alpha-8,10,5,terminal,"[""D3:min"", ""class:17"", ""D3:min"", ""class:2"", ""D1:min"", ""class:2"", ""D1:min"", ""class:11"", ""D1:min"", ""class:5""]",
26,k3m26_G065,k3m26_G063,p,14,5*alpha-8,10,5,terminal,"[""D3:min"", ""class:17"", ""D3:min"", ""class:2"", ""D1:min"", ""class:2"", ""D1:min"", ""class:11"", ""D1:min"", ""class:14""]",
26,k3m26_G066,k3m26_G063,p,23,5*alpha-8,10,5,terminal,"[""D3:min"", ""class:17"", ""D3:min"", ""class:2"", ""D1:min"", ""class:2"", ""D1:min"", ""class:11"", ""D1:min"", ""class:23""]",
26,k3m26_G067,k3m26_G038,p,26,4*alpha-8,9,5,terminal,"[""D3:min"", ""class:17"", ""D3:min"", ""class:2"", ""D1:min"", ""class:2"", ""D1:min"", ""class:20"", ""D1:retarded""]",
26,k3m26_G068,k3m26_G038,m,,,9,5,expanded,"[""D3:min"", ""class:17"", ""D3:min"", ""class:2"", ""D1:min"", ""class:2"", ""D1:min"", ""class:20"", ""D1:min""]",
26,k3m26_G069,k3m26_G068,p,8,5*alpha-8,10,5,terminal,"[""D3:min"", ""class:17"", ""D3:min"", ""class:2"", ""D1:min"", ""class:2"", ""D1:min"", ""class:20"", ""D1:min"", ""class:8""]",
26,k3m26_G070,k3m26_G068,p,17,5*alpha-8,10,5,terminal,"[""D3:min"", ""class:17"", ""D3:min"", ""class:2"", ""D1:min"", ""class:2"", ""D1:min"", ""class:20"", ""D1:min"", ""class:17""]",
26,k3m26_G071,k3m26_G068,p,26,5*alpha-8,10,5,terminal,"[""D3:min"", ""class:17"", ""D3:min"", ""class:2"", ""D1:min"", ""class:2"", ""D1:min"", ""class:20"", ""D1:min"", ""class:26""]",
26,k3m26_G072,k3m26_G041,p,20,4*alpha-8,9,5,terminal,"[""D3:min"", ""class:17"", ""D3:min"", ""class:2"", ""D1:min"", ""class:11"", ""D1:min"", ""class:5"", ""D2:retarded""]",
26,k3m26_G073,k3m26_G042,p,2,4*alpha-8,9,5,terminal,"[""D3:min"", ""class:17"", ""D3:min"", ""class:2"", ""D1:min"", ""class:11"", ""D1:min"", ""class:14"", ""D2:retarded""]",
26,k3m26_G074,k3m26_G043,p,11,4*alpha-8,9,5,terminal,"[""D3:min"", ""class:17"", ""D3:min"", ""class:2"", ""D1:min"", ""class:11"", ""D1:min"", ""class:23"", ""D2:retarded""]",
26,k3m26_G075,k3m26_G046,p,5,4*alpha-8,9,5,terminal,"[""D3:min"", ""class:17"", ""D3:min"", ""class:2"", ""D1:min"", ""class:20"", ""D1:min"", ""class:8"", ""D3:retarded""]",
26,k3m26_G076,k3m26_G046,m,,,9,5,expanded,"[""D3:min"", ""class:17"", ""D3:min"", ""class:2"", ""D1:min"", ""class:20"", ""D1:min"", ""class:8"", ""D3:min""]",
26,k3m26_G077,k3m26_G076,p,5,5*alpha-7,10,5,expanded,"[""D3:min"", ""class:17"", ""D3:min"", ""class:2"", ""D1:min"", ""class:20"", ""D1:min"", ""class:8"", ""D3:min"", ""class:5""]",
26,k3m26_G078,k3m26_G076,p,14,5*alpha-7,10,5,expanded,"[""D3:min"", ""class:17"", ""D3:min"", ""class:2"", ""D1:min"", ""class:20"", ""D1:min"", ""class:8"", ""D3:min"", ""class:14""]",
26,k3m26_G079,k3m26_G076,p,23,5*alpha-7,10,5,expanded,"[""D3:min"", ""class:17"", ""D3:min"", ""class:2"", ""D1:min"", ""class:20"", ""D1:min"", ""class:8"", ""D3:min"", ""class:23""]",
26,k3m26_G080,k3m26_G047,p,14,4*alpha-8,9,5,terminal,"[""D3:min"", ""class:17"", ""D3:min"", ""class:2"", ""D1:min"", ""class:20"", ""D1:min"", ""class:17"", ""D3:retarded""]",
26,k3m26_G081,k3m26_G047,m,,,9,5,expanded,"[""D3:min"", ""class:17"", ""D3:min"", ""class:2"", ""D1:min"", ""class:20"", ""D1:min"", ""class:17"", ""D3:min""]",
26,k3m26_G082,k3m26_G081,p,2,5*alpha-7,10,5,expanded,"[""D3:min"", ""class:17"", ""D3:min"", ""class:2"", ""D1:min"", ""class:20"", ""D1:min"", ""class:17"", ""D3:min"", ""class:2""]",
26,k3m26_G083,k3m26_G081,p,11,5*alpha-7,10,5,expanded,"[""D3:min"", ""class:17"", ""D3:min"", ""class:2"", ""D1:min"", ""class:20"", ""D1:min"", ""class:17"", ""D3:min"", ""class:11""]",
26,k3m26_G084,k3m26_G081,p,20,5*alpha-7,10,5,deleted,"[""D3:min"", ""class:17"", ""D3:min"", ""class:2"", ""D1:min"", ""class:20"", ""D1:min"", ""class:17"", ""D3:min"", ""class:20""]",same mode 20: ancestor k3m26_G023 at 3*alpha-4 < 5*alpha-7
26,k3m26_G085,k3m26_G054,p,20,4*alpha-7,9,5,terminal,"[""D3:min"", ""class:17"", ""D3:min"", ""class:20"", ""D1:min"", ""class:8"", ""D3:min"", ""class:5"", ""D2:retarded""]",
26,k3m26_G086,k3m26_G055,p,2,4*alpha-7,9,5,terminal,"[""D3:min"", ""class:17"", ""D3:min"", ""class:20"", ""D1:min"", ""class:8"", ""D3:min"", ""class:14"", ""D2:retarded""]",
26,k3m26_G087,k3m26_G056,p,11,4*alpha-7,9,5,terminal,"[""D3:min"", ""class:17"", ""D3:min"", ""class:20"", ""D1:min"", ""class:8"", ""D3:min"", ""class:23"", ""D2:retarded""]",
26,k3m26_G088,k3m26_G077,p,20,5*alpha-9,11,6,terminal,"[""D3:min"", ""class:17"", ""D3:min"", ""class:2"", ""D1:min"", ""class:20"", ""D1:min"", ""class:8"", ""D3:min"", ""class:5"", ""D2:retarded""]",
26,k3m26_G089,k3m26_G078,p,2,5*alpha-9,11,6,terminal,"[""D3:min"", ""class:17"", ""D3:min"", ""class:2"", ""D1:min"", ""class:20"", ""D1:min"", ""class:8"", ""D3:min"", ""class:14"", ""D2:retarded""]",
26,k3m26_G090,k3m26_G079,p,11,5*alpha-9,11,6,terminal,"[""D3:min"", ""class:17"", ""D3:min"", ""class:2"", ""D1:min"", ""class:20"", ""D1:min"", ""class:8"", ""D3:min"", ""class:23"", ""D2:retarded""]",
26,k3m26_G091,k3m26_G082,p,8,5*alpha-9,11,6,terminal,"[""D3:min"", ""class:17"", ""D3:min"", ""class:2"", ""D1:min"", ""class:20"", ""D1:min"", ""class:17"", ""D3:min"", ""class:2"", ""D1:retarded""]",
26,k3m26_G092,k3m26_G082,m,,,11,6,expanded,"[""D3:min"", ""class:17"", ""D3:min"", ""class:2"", ""D1:min"", ""class:20"", ""D1:min"", ""class:17"", ""D3:min"", ""class:2"", ""D1:min""]",
26,k3m26_G093,k3m26_G092,p,2,6*alpha-9,12,6,expanded,"[""D3:min"", ""class:17"", ""D3:min"", ""class:2"", ""D1:min"", ""class:20"", ""D1:min"", ""class:17"", ""D3:min"", ""class:2"", ""D1:min"", ""class:2""]",
26,k3m26_G094,k3m26_G092,p,11,6*alpha-9,12,6,expanded,"[""D3:min"", ""class:17"", ""D3:min"", ""class:2"", ""D1:min"", ""class:20"", ""D1:min"", ""class:17"", ""D3:min"", ""class:2"", ""D1:min"", ""class:11""]",
26,k3m26_G095,k3m26_G092,p,20,6*alpha-9,12,6,expanded,"[""D3:min"", ""class:17"", ""D3:min"", ""class:2"", ""D1:min"", ""class:20"", ""D1:min"", ""class:17"", ""D3:min"", ""class:2"", ""D1:min"", ""class:20""]",
26,k3m26_G096,k3m26_G083,p,17,5*alpha-9,11,6,terminal,"[""D3:min"", ""class:17"", ""D3:min"", ""class:2"", ""D1:min"", ""class:20"", ""D1:min"", ""class:17"", ""D3:min"", ""class:11"", ""D1:retarded""]",
26,k3m26_G097,k3m26_G083,m,,,11,6,expanded,"[""D3:min"", ""class:17"", ""D3:min"", ""class:2"", ""D1:min"", ""class:20"", ""D1:min"", ""class:17"", ""D3:min"", ""class:11"", ""D1:min""]",
26,k3m26_G098,k3m26_G097,p,5,6*alpha-9,12,6,expanded,"[""D3:min"", ""class:17"", ""D3:min"", ""class:2"", ""D1:min"", ""class:20"", ""D1:min"", ""class:17"", ""D3:min"", ""class:11"", ""D1:min"", ""class:5""]",
26,k3m26_G099,k3m26_G097,p,14,6*alpha-9,12,6,expanded,"[""D3:min"", ""class:17"", ""D3:min"", ""class:2"", ""D1:min"", ""class:20"", ""D1:min"", ""class:17"", ""D3:min"", ""class:11"", ""D1:min"", ""class:14""]",
26,k3m26_G100,k3m26_G097,p,23,6*alpha-9,12,6,expanded,"[""D3:min"", ""class:17"", ""D3:min"", ""class:2"", ""D1:min"", ""class:20"", ""D1:min"", ""class:17"", ""D3:min"", ""class:11"", ""D1:min"", ""class:23""]",
26,k3m26_G101,k3m26_G093,p,8,6*alpha-11,13,7,terminal,"[""D3:min"", ""class:17"", ""D3:min"", ""class:2"", ""D1:min"", ""class:20"", ""D1:min"", ""class:17"", ""D3:min"", ""class:2"", ""D1:min"", ""class:2"", ""D1:retarded""]",
26,k3m26_G102,k3m26_G093,m,,,13,7,expanded,"[""D3:min"", ""class:17"", ""D3:min"", ""class:2"", ""D1:min"", ""class:20"", ""D1:min"", ""class:17"", ""D3:min"", ""class:2"", ""D1:min"", ""class:2"", ""D1:min""]",
26,k3m26_G103,k3m26_G102,p,2,7*alpha-11,14,7,expanded,"[""D3:min"", ""class:17"", ""D3:min"", ""class:2"", ""D1:min"", ""class:20"", ""D1:min"", ""class:17"", ""D3:min"", ""class:2"", ""D1:min"", ""class:2"", ""D1:min"", ""class:2""]",
26,k3m26_G104,k3m26_G102,p,11,7*alpha-11,14,7,expanded,"[""D3:min"", ""class:17"", ""D3:min"", ""class:2"", ""D1:min"", ""class:20"", ""D1:min"", ""class:17"", ""D3:min"", ""class:2"", ""D1:min"", ""class:2"", ""D1:min"", ""class:11""]",
26,k3m26_G105,k3m26_G102,p,20,7*alpha-11,14,7,expanded,"[""D3:min"", ""class:17"", ""D3:min"", ""class:2"", ""D1:min"", ""class:20"", ""D1:min"", ""class:17"", ""D3:min"", ""class:2"", ""D1:min"", ""class:2"", ""D1:min"", ""class:20""]",
26,k3m26_G106,k3m26_G094,p,17,6*alpha-11,13,7,terminal,"[""D3:min"", ""class:17"", ""D3:min"", ""class:2"", ""D1:min"", ""class:20"", ""D1:min"", ""class:17"", ""D3:min"", ""class:2"", ""D1:min"", ""class:11"", ""D1:retarded""]",
26,k3m26_G107,k3m26_G094,m,,,13,7,expanded,"[""D3:min"", ""class:17"", ""D3:min"", ""class:2"", ""D1:min"", ""class:20"", ""D1:min"", ""class:17"", ""D3:min"", ""class:2"", ""D1:min"", ""class:11"", ""D1:min""]",
26,k3m26_G108,k3m26_G107,p,5,7*alpha-11,14,7,expanded,"[""D3:min"", ""class:17"", ""D3:min"", ""class:2"", ""D1:min"", ""class:20"", ""D1:min"", ""class:17"", ""D3:min"", ""class:2"", ""D1:min"", ""class:11"", ""D1:min"", ""class:5""]",
26,k3m26_G109,k3m26_G107,p,14,7*alpha-11,14,7,expanded,"[""D3:min"", ""class:17"", ""D3:min"", ""class:2"", ""D1:min"", ""class:20"", ""D1:min"", ""class:17"", ""D3:min"", ""class:2"", ""D1:min"", ""class:11"", ""D1:min"", ""class:14""]",
26,k3m26_G110,k3m26_G107,p,23,7*alpha-11,14,7,expanded,"[""D3:min"", ""class:17"", ""D3:min"", ""class:2"", ""D1:min"", ""class:20"", ""D1:min"", ""class:17"", ""D3:min"", ""class:2"", ""D1:min"", ""class:11"", ""D1:min"", ""class:23""]",
26,k3m26_G111,k3m26_G095,p,26,6*alpha-11,13,7,terminal,"[""D3:min"", ""class:17"", ""D3:min"", ""class:2"", ""D1:min"", ""class:20"", ""D1:min"", ""class:17"", ""D3:min"", ""class:2"", ""D1:min"", ""class:20"", ""D1:retarded""]",
26,k3m26_G112,k3m26_G095,m,,,13,7,expanded,"[""D3:min"", ""class:17"", ""D3:min"", ""class:2"", ""D1:min"", ""class:20"", ""D1:min"", ""class:17"", ""D3:min"", ""class:2"", ""D1:min"", ""class:20"", ""D1:min""]",
26,k3m26_G113,k3m26_G112,p,8,7*alpha-11,14,7,expanded,"[""D3:min"", ""class:17"", ""D3:min"", ""class:2"", ""D1:min"", ""class:20"", ""D1:min"", ""class:17"", ""D3:min"", ""class:2"", ""D1:min"", ""class:20"", ""D1:min"", ""class:8""]",
26,k3m26_G114,k3m26_G112,p,17,7*alpha-11,14,7,expanded,"[""D3:min"", ""class:17"", ""D3:min"", ""class:2"", ""D1:min"", ""class:20"", ""D1:min"", ""class:17"", ""D3:min"", ""class:2"", ""D1:min"", ""class:20"", ""D1:min"", ""class:17""]",
26,k3m26_G115,k3m26_G112,p,26,7*alpha-11,14,7,deleted,"[""D3:min"", ""class:17"", ""D3:min"", ""class:2"", ""D1:min"", ""class:20"", ""D1:min"", ""class:17"", ""D3:min"", ""class:2"", ""D1:min"", ""class:20"", ""D1:min"", ""class:26""]",same mode 26: ancestor k3m26_G000 at 0 < 7*alpha-11
26,k3m26_G116,k3m26_G098,p,20,6*alpha-11,13,7,terminal,"[""D3:min"", ""class:17"", ""D3:min"", ""class:2"", ""D1:min"", ""class:20"", ""D1:min"", ""class:17"", ""D3:min"", ""class:11"", ""D1:min"", ""class:5"", ""D2:retarded""]",
26,k3m26_G117,k3m26_G099,p,2,6*alpha-11,13,7,terminal,"[""D3:min"", ""class:17"", ""D3:min"", ""class:2"", ""D1:min"", ""class:20"", ""D1:min"", ""class:17"", ""D3:min"", ""class:11"", ""D1:min"", ""class:14"", ""D2:retarded""]",
26,k3m26_G118,k3m26_G100,p,11,6*alpha-11,13,7,terminal,"[""D3:min"", ""class:17"", ""D3:min"", ""class:2"", ""D1:min"", ""class:20"", ""D1:min"", ""class:17"", ""D3:min"", ""class:11"", ""D1:min"", ""class:23"", ""D2:retarded""]",
26,k3m26_G119,k3m26_G103,p,8,7*alpha-13,15,8,terminal,"[""D3:min"", ""class:17"", ""D3:min"", ""class:2"", ""D1:min"", ""class:20"", ""D1:min"", ""class:17"", ""D3:min"", ""class:2"", ""D1:min"", ""class:2"", ""D1:min"", ""class:2"", ""D1:retarded""]",
26,k3m26_G120,k3m26_G103,m,,,15,8,expanded,"[""D3:min"", ""class:17"", ""D3:min"", ""class:2"", ""D1:min"", ""class:20"", ""D1:min"", ""class:17"", ""D3:min"", ""class:2"", ""D1:min"", ""class:2"", ""D1:min"", ""class:2"", ""D1:min""]",
26,k3m26_G121,k3m26_G120,p,2,8*alpha-13,16,8,terminal,"[""D3:min"", ""class:17"", ""D3:min"", ""class:2"", ""D1:min"", ""class:20"", ""D1:min"", ""class:17"", ""D3:min"", ""class:2"", ""D1:min"", ""class:2"", ""D1:min"", ""class:2"", ""D1:min"", ""class:2""]",
26,k3m26_G122,k3m26_G120,p,11,8*alpha-13,16,8,terminal,"[""D3:min"", ""class:17"", ""D3:min"", ""class:2"", ""D1:min"", ""class:20"", ""D1:min"", ""class:17"", ""D3:min"", ""class:2"", ""D1:min"", ""class:2"", ""D1:min"", ""class:2"", ""D1:min"", ""class:11""]",
26,k3m26_G123,k3m26_G120,p,20,8*alpha-13,16,8,terminal,"[""D3:min"", ""class:17"", ""D3:min"", ""class:2"", ""D1:min"", ""class:20"", ""D1:min"", ""class:17"", ""D3:min"", ""class:2"", ""D1:min"", ""class:2"", ""D1:min"", ""class:2"", ""D1:min"", ""class:20""]",
26,k3m26_G124,k3m26_G104,p,17,7*alpha-13,15,8,terminal,"[""D3:min"", ""class:17"", ""D3:min"", ""class:2"", ""D1:min"", ""class:20"", ""D1:min"", ""class:17"", ""D3:min"", ""class:2"", ""D1:min"", ""class:2"", ""D1:min"", ""class:11"", ""D1:retarded""]",
26,k3m26_G125,k3m26_G104,m,,,15,8,expanded,"[""D3:min"", ""class:17"", ""D3:min"", ""class:2"", ""D1:min"", ""class:20"", ""D1:min"", ""class:17"", ""D3:min"", ""class:2"", ""D1:min"", ""class:2"", ""D1:min"", ""class:11"", ""D1:min""]",
26,k3m26_G126,k3m26_G125,p,5,8*alpha-13,16,8,terminal,"[""D3:min"", ""class:17"", ""D3:min"", ""class:2"", ""D1:min"", ""class:20"", ""D1:min"", ""class:17"", ""D3:min"", ""class:2"", ""D1:min"", ""class:2"", ""D1:min"", ""class:11"", ""D1:min"", ""class:5""]",
26,k3m26_G127,k3m26_G125,p,14,8*alpha-13,16,8,terminal,"[""D3:min"", ""class:17"", ""D3:min"", ""class:2"", ""D1:min"", ""class:20"", ""D1:min"", ""class:17"", ""D3:min"", ""class:2"", ""D1:min"", ""class:2"", ""D1:min"", ""class:11"", ""D1:min"", ""class:14""]",
26,k3m26_G128,k3m26_G125,p,23,8*alpha-13,16,8,terminal,"[""D3:min"", ""class:17"", ""D3:min"", ""class:2"", ""D1:min"", ""class:20"", ""D1:min"", ""class:17"", ""D3:min"", ""class:2"", ""D1:min"", ""class:2"", ""D1:min"", ""class:11"", ""D1:min"", ""class:23""]",
26,k3m26_G129,k3m26_G105,p,26,7*alpha-13,15,8,terminal,"[""D3:min"", ""class:17"", ""D3:min"", ""class:2"", ""D1:min"", ""class:20"", ""D1:min"", ""class:17"", ""D3:min"", ""class:2"", ""D1:min"", ""class:2"", ""D1:min"", ""class:20"", ""D1:retarded""]",
26,k3m26_G130,k3m26_G105,m,,,15,8,expanded,"[""D3:min"", ""class:17"", ""D3:min"", ""class:2"", ""D1:min"", ""class:20"", ""D1:min"", ""class:17"", ""D3:min"", ""class:2"", ""D1:min"", ""class:2"", ""D1:min"", ""class:20"", ""D1:min""]",
26,k3m26_G131,k3m26_G130,p,8,8*alpha-13,16,8,terminal,"[""D3:min"", ""class:17"", ""D3:min"", ""class:2"", ""D1:min"", ""class:20"", ""D1:min"", ""class:17"", ""D3:min"", ""class:2"", ""D1:min"", ""class:2"", ""D1:min"", ""class:20"", ""D1:min"", ""class:8""]",
26,k3m26_G132,k3m26_G130,p,17,8*alpha-13,16,8,terminal,"[""D3:min"", ""class:17"", ""D3:min"", ""class:2"", ""D1:min"", ""class:20"", ""D1:min"", ""class:17"", ""D3:min"", ""class:2"", ""D1:min"", ""class:2"", ""D1:min"", ""class:20"", ""D1:min"", ""class:17""]",
26,k3m26_G133,k3m26_G130,p,26,8*alpha-13,16,8,terminal,"[""D3:min"", ""class:17"", ""D3:min"", ""class:2"", ""D1:min"", ""class:20"", ""D1:min"", ""class:17"", ""D3:min"", ""class:2"", ""D1:min"", ""class:2"", ""D1:min"", ""class:20"", ""D1:min"", ""class:26""]",
26,k3m26_G134,k3m26_G108,p,20,7*alpha-13,15,8,terminal,"[""D3:min"", ""class:17"", ""D3:min"", ""class:2"", ""D1:min"", ""class:20"", ""D1:min"", ""class:17"", ""D3:min"", ""class:2"", ""D1:min"", ""class:11"", ""D1:min"", ""class:5"", ""D2:retarded""]",
26,k3m26_G135,k3m26_G109,p,2,7*alpha-13,15,8,terminal,"[""D3:min"", ""class:17"", ""D3:min"", ""class:2"", ""D1:min"", ""class:20"", ""D1:min"", ""class:17"", ""D3:min"", ""class:2"", ""D1:min"", ""class:11"", ""D1:min"", ""class:14"", ""D2:retarded""]",
26,k3m26_G136,k3m26_G110,p,11,7*alpha-13,15,8,terminal,"[""D3:min"", ""class:17"", ""D3:min"", ""class:2"", ""D1:min"", ""class:20"", ""D1:min"", ""class:17"", ""D3:min"", ""class:2"", ""D1:min"", ""class:11"", ""D1:min"", ""class:23"", ""D2:retarded""]",
26,k3m26_G137,k3m26_G113,p,5,7*alpha-13,15,8,terminal,"[""D3:min"", ""class:17"", ""D3:min"", ""class:2"", ""D1:min"", ""class:20"", ""D1:min"", ""class:17"", ""D3:min"", ""class:2"", ""D1:min"", ""class:20"", ""D1:min"", ""class:8"", ""D3:retarded""]",
26,k3m26_G138,k3m26_G113,m,,,15,8,expanded,"[""D3:min"", ""class:17"", ""D3:min"", ""class:2"", ""D1:min"", ""class:20"", ""D1:min"", ""class:17"", ""D3:min"", ""class:2"", ""D1:min"", ""class:20"", ""D1:min"", ""class:8"", ""D3:min""]",
26,k3m26_G139,k3m26_G138,p,5,8*alpha-12,16,8,expanded,"[""D3:min"", ""class:17"", ""D3:min"", ""class:2"", ""D1:min"", ""class:20"", ""D1:min"", ""class:17"", ""D3:min"", ""class:2"", ""D1:min"", ""class:20"", ""D1:min"", ""class:8"", ""D3:min"", ""class:5""]",
26,k3m26_G140,k3m26_G138,p,14,8*alpha-12,16,8,expanded,"[""D3:min"", ""class:17"", ""D3:min"", ""class:2"", ""D1:min"", ""class:20"", ""D1:min"", ""class:17"", ""D3:min"", ""class:2"", ""D1:min"", ""class:20"", ""D1:min"", ""class:8"", ""D3:min"", ""class:14""]",
26,k3m26_G141,k3m26_G138,p,23,8*alpha-12,16,8,expanded,"[""D3:min"", ""class:17"", ""D3:min"", ""class:2"", ""D1:min"", ""class:20"", ""D1:min"", ""class:17"", ""D3:min"", ""class:2"", ""D1:min"", ""class:20"", ""D1:min"", ""class:8"", ""D3:min"", ""class:23""]",
26,k3m26_G142,k3m26_G114,p,14,7*alpha-13,15,8,terminal,"[""D3:min"", ""class:17"", ""D3:min"", ""class:2"", ""D1:min"", ""class:20"", ""D1:min"", ""class:17"", ""D3:min"", ""class:2"", ""D1:min"", ""class:20"", ""D1:min"", ""class:17"", ""D3:retarded""]",
26,k3m26_G143,k3m26_G114,m,,,15,8,expanded,"[""D3:min"", ""class:17"", ""D3:min"", ""class:2"", ""D1:min"", ""class:20"", ""D1:min"", ""class:17"", ""D3:min"", ""class:2"", ""D1:min"", ""class:20"", ""D1:min"", ""class:17"", ""D3:min""]",
26,k3m26_G144,k3m26_G143,p,2,8*alpha-12,16,8,expanded,"[""D3:min"", ""class:17"", ""D3:min"", ""class:2"", ""D1:min"", ""class:20"", ""D1:min"", ""class:17"", ""D3:min"", ""class:2"", ""D1:min"", ""class:20"", ""D1:min"", ""class:17"", ""D3:min"", ""class:2""]",
26,k3m26_G145,k3m26_G143,p,11,8*alpha-12,16,8,expanded,"[""D3:min"", ""class:17"", ""D3:min"", ""class:2"", ""D1:min"", ""class:20"", ""D1:min"", ""class:17"", ""D3:min"", ""class:2"", ""D1:min"", ""class:20"", ""D1:min"", ""class:17"", ""D3:min"", ""class:11""]",
26,k3m26_G146,k3m26_G143,p,20,8*alpha-12,16,8,deleted,"[""D3:min"", ""class:17"", ""D3:min"", ""class:2"", ""D1:min"", ""class:20"", ""D1:min"", ""class:17"", ""D3:min"", ""class:2"", ""D1:min"", ""class:20"", ""D1:min"", ""class:17"", ""D3:min"", ""class:20""]",same mode 20: ancestor k3m26_G095 at 6*alpha-9 < 8*alpha-12
26,k3m26_G147,k3m26_G139,p,20,8*alpha-14,17,9,terminal,"[""D3:min"", ""class:17"", ""D3:min"", ""class:2"", ""D1:min"", ""class:20"", ""D1:min"", ""class:17"", ""D3:min"", ""class:2"", ""D1:min"", ""class:20"", ""D1:min"", ""class:8"", ""D3:min"", ""class:5"", ""D2:retarded""]",
26,k3m26_G148,k3m26_G140,p,2,8*alpha-14,17,9,terminal,"[""D3:min"", ""class:17"", ""D3:min"", ""class:2"", ""D1:min"", ""class:20"", ""D1:min"", ""class:17"", ""D3:min"", ""class:2"", ""D1:min"", ""class:20"", ""D1:min"", ""class:8"", ""D3:min"", ""class:14"", ""D2:retarded""]",
26,k3m26_G149,k3m26_G141,p,11,8*alpha-14,17,9,terminal,"[""D3:min"", ""class:17"", ""D3:min"", ""class:2"", ""D1:min"", ""class:20"", ""D1:min"", ""class:17"", ""D3:min"", ""class:2"", ""D1:min"", ""class:20"", ""D1:min"", ""class:8"", ""D3:min"", ""class:23"", ""D2:retarded""]",
26,k3m26_G150,k3m26_G144,p,8,8*alpha-14,17,9,terminal,"[""D3:min"", ""class:17"", ""D3:min"", ""class:2"", ""D1:min"", ""class:20"", ""D1:min"", ""class:17"", ""D3:min"", ""class:2"", ""D1:min"", ""class:20"", ""D1:min"", ""class:17"", ""D3:min"", ""class:2"", ""D1:retarded""]",
26,k3m26_G151,k3m26_G144,m,,,17,9,expanded,"[""D3:min"", ""class:17"", ""D3:min"", ""class:2"", ""D1:min"", ""class:20"", ""D1:min"", ""class:17"", ""D3:min"", ""class:2"", ""D1:min"", ""class:20"", ""D1:min"", ""class:17"", ""D3:min"", ""class:2"", ""D1:min""]",
26,k3m26_G152,k3m26_G151,p,2,9*alpha-14,18,9,expanded,"[""D3:min"", ""class:17"", ""D3:min"", ""class:2"", ""D1:min"", ""class:20"", ""D1:min"", ""class:17"", ""D3:min"", ""class:2"", ""D1:min"", ""class:20"", ""D1:min"", ""class:17"", ""D3:min"", ""class:2"", ""D1:min"", ""class:2""]",
26,k3m26_G153,k3m26_G151,p,11,9*alpha-14,18,9,expanded,"[""D3:min"", ""class:17"", ""D3:min"", ""class:2"", ""D1:min"", ""class:20"", ""D1:min"", ""class:17"", ""D3:min"", ""class:2"", ""D1:min"", ""class:20"", ""D1:min"", ""class:17"", ""D3:min"", ""class:2"", ""D1:min"", ""class:11""]",
26,k3m26_G154,k3m26_G151,p,20,9*alpha-14,18,9,expanded,"[""D3:min"", ""class:17"", ""D3:min"", ""class:2"", ""D1:min"", ""class:20"", ""D1:min"", ""class:17"", ""D3:min"", ""class:2"", ""D1:min"", ""class:20"", ""D1:min"", ""class:17"", ""D3:min"", ""class:2"", ""D1:min"", ""class:20""]",
26,k3m26_G155,k3m26_G145,p,17,8*alpha-14,17,9,terminal,"[""D3:min"", ""class:17"", ""D3:min"", ""class:2"", ""D1:min"", ""class:20"", ""D1:min"", ""class:17"", ""D3:min"", ""class:2"", ""D1:min"", ""class:20"", ""D1:min"", ""class:17"", ""D3:min"", ""class:11"", ""D1:retarded""]",
26,k3m26_G156,k3m26_G145,m,,,17,9,expanded,"[""D3:min"", ""class:17"", ""D3:min"", ""class:2"", ""D1:min"", ""class:20"", ""D1:min"", ""class:17"", ""D3:min"", ""class:2"", ""D1:min"", ""class:20"", ""D1:min"", ""class:17"", ""D3:min"", ""class:11"", ""D1:min""]",
26,k3m26_G157,k3m26_G156,p,5,9*alpha-14,18,9,expanded,"[""D3:min"", ""class:17"", ""D3:min"", ""class:2"", ""D1:min"", ""class:20"", ""D1:min"", ""class:17"", ""D3:min"", ""class:2"", ""D1:min"", ""class:20"", ""D1:min"", ""class:17"", ""D3:min"", ""class:11"", ""D1:min"", ""class:5""]",
26,k3m26_G158,k3m26_G156,p,14,9*alpha-14,18,9,expanded,"[""D3:min"", ""class:17"", ""D3:min"", ""class:2"", ""D1:min"", ""class:20"", ""D1:min"", ""class:17"", ""D3:min"", ""class:2"", ""D1:min"", ""class:20"", ""D1:min"", ""class:17"", ""D3:min"", ""class:11"", ""D1:min"", ""class:14""]",
26,k3m26_G159,k3m26_G156,p,23,9*alpha-14,18,9,expanded,"[""D3:min"", ""class:17"", ""D3:min"", ""class:2"", ""D1:min"", ""class:20"", ""D1:min"", ""class:17"", ""D3:min"", ""class:2"", ""D1:min"", ""class:20"", ""D1:min"", ""class:17"", ""D3:min"", ""class:11"", ""D1:min"", ""class:23""]",
26,k3m26_G160,k3m26_G152,p,8,9*alpha-16,19,10,terminal,"[""D3:min"", ""class:17"", ""D3:min"", ""class:2"", ""D1:min"", ""class:20"", ""D1:min"", ""class:17"", ""D3:min"", ""class:2"", ""D1:min"", ""class:20"", ""D1:min"", ""class:17"", ""D3:min"", ""class:2"", ""D1:min"", ""class:2"", ""D1:retarded""]",
26,k3m26_G161,k3m26_G152,m,,,19,10,expanded,"[""D3:min"", ""class:17"", ""D3:min"", ""class:2"", ""D1:min"", ""class:20"", ""D1:min"", ""class:17"", ""D3:min"", ""class:2"", ""D1:min"", ""class:20"", ""D1:min"", ""class:17"", ""D3:min"", ""class:2"", ""D1:min"", ""class:2"", ""D1:min""]",
26,k3m26_G162,k3m26_G161,p,2,10*alpha-16,20,10,terminal,"[""D3:min"", ""class:17"", ""D3:min"", ""class:2"", ""D1:min"", ""class:20"", ""D1:min"", ""class:17"", ""D3:min"", ""class:2"", ""D1:min"", ""class:20"", ""D1:min"", ""class:17"", ""D3:min"", ""class:2"", ""D1:min"", ""class:2"", ""D1:min"", ""class:2""]",
26,k3m26_G163,k3m26_G161,p,11,10*alpha-16,20,10,terminal,"[""D3:min"", ""class:17"", ""D3:min"", ""class:2"", ""D1:min"", ""class:20"", ""D1:min"", ""class:17"", ""D3:min"", ""class:2"", ""D1:min"", ""class:20"", ""D1:min"", ""class:17"", ""D3:min"", ""class:2"", ""D1:min"", ""class:2"", ""D1:min"", ""class:11""]",
26,k3m26_G164,k3m26_G161,p,20,10*alpha-16,20,10,terminal,"[""D3:min"", ""class:17"", ""D3:min"", ""class:2"", ""D1:min"", ""class:20"", ""D1:min"", ""class:17"", ""D3:min"", ""class:2"", ""D1:min"", ""class:20"", ""D1:min"", ""class:17"", ""D3:min"", ""class:2"", ""D1:min"", ""class:2"", ""D1:min"", ""class:20""]",
26,k3m26_G165,k3m26_G153,p,17,9*alpha-16,19,10,terminal,"[""D3:min"", ""class:17"", ""D3:min"", ""class:2"", ""D1:min"", ""class:20"", ""D1:min"", ""class:17"", ""D3:min"", ""class:2"", ""D1:min"", ""class:20"", ""D1:min"", ""class:17"", ""D3:min"", ""class:2"", ""D1:min"", ""class:11"", ""D1:retarded""]",
26,k3m26_G166,k3m26_G153,m,,,19,10,expanded,"[""D3:min"", ""class:17"", ""D3:min"", ""class:2"", ""D1:min"", ""class:20"", ""D1:min"", ""class:17"", ""D3:min"", ""class:2"", ""D1:min"", ""class:20"", ""D1:min"", ""class:17"", ""D3:min"", ""class:2"", ""D1:min"", ""class:11"", ""D1:min""]",
26,k3m26_G167,k3m26_G166,p,5,10*alpha-16,20,10,terminal,"[""D3:min"", ""class:17"", ""D3:min"", ""class:2"", ""D1:min"", ""class:20"", ""D1:min"", ""class:17"", ""D3:min"", ""class:2"", ""D1:min"", ""class:20"", ""D1:min"", ""class:17"", ""D3:min"", ""class:2"", ""D1:min"", ""class:11"", ""D1:min"", ""class:5""]",
26,k3m26_G168,k3m26_G166,p,14,10*alpha-16,20,10,terminal,"[""D3:min"", ""class:17"", ""D3:min"", ""class:2"", ""D1:min"", ""class:20"", ""D1:min"", ""class:17"", ""D3:min"", ""class:2"", ""D1:min"", ""class:20"", ""D1:min"", ""class:17"", ""D3:min"", ""class:2"", ""D1:min"", ""class:11"", ""D1:min"", ""class:14""]",
26,k3m26_G169,k3m26_G166,p,23,10*alpha-16,20,10,terminal,"[""D3:min"", ""class:17"", ""D3:min"", ""class:2"", ""D1:min"", ""class:20"", ""D1:min"", ""class:17"", ""D3:min"", ""class:2"", ""D1:min"", ""class:20"", ""D1:min"", ""class:17"", ""D3:min"", ""class:2"", ""D1:min"", ""class:11"", ""D1:min"", ""class:23""]",
26,k3m26_G170,k3m26_G154,p,26,9*alpha-16,19,10,terminal,"[""D3:min"", ""class:17"", ""D3:min"", ""class:2"", ""D1:min"", ""class:20"", ""D1:min"", ""class:17"", ""D3:min"", ""class:2"", ""D1:min"", ""class:20"", ""D1:min"", ""class:17"", ""D3:min"", ""class:2"", ""D1:min"", ""class:20"", ""D1:retarded""]",
26,k3m26_G171,k3m26_G154,m,,,19,10,expanded,"[""D3:min"", ""class:17"", ""D3:min"", ""class:2"", ""D1:min"", ""class:20"", ""D1:min"", ""class:17"", ""D3:min"", ""class:2"", ""D1:min"", ""class:20"", ""D1:min"", ""class:17"", ""D3:min"", ""class:2"", ""D1:min"", ""class:20"", ""D1:min""]",
26,k3m26_G172,k3m26_G171,p,8,10*alpha-16,20,10,terminal,"[""D3:min"", ""class:17"", ""D3:min"", ""class:2"", ""D1:min"", ""class:20"", ""D1:min"", ""class:17"", ""D3:min"", ""class:2"", ""D1:min"", ""class:20"", ""D1:min"", ""class:17"", ""D3:min"", ""class:2"", ""D1:min"", ""class:20"", ""D1:min"", ""class:8""]",
26,k3m26_G173,k3m26_G171,p,17,10*alpha-16,20,10,terminal,"[""D3:min"", ""class:17"", ""D3:min"", ""class:2"", ""D1:min"", ""class:20"", ""D1:min"", ""class:17"", ""D3:min"", ""class:2"", ""D1:min"", ""class:20"", ""D1:min"", ""class:17"", ""D3:min"", ""class:2"", ""D1:min"", ""class:20"", ""D1:min"", ""class:17""]",
26,k3m26_G174,k3m26_G171,p,26,10*alpha-16,20,10,terminal,"[""D3:min"", ""class:17"", ""D3:min"", ""class:2"", ""D1:min"", ""class:20"", ""D1:min"", ""class:17"", ""D3:min"", ""class:2"", ""D1:min"", ""class:20"", ""D1:min"", ""class:17"", ""D3:min"", ""class:2"", ""D1:min"", ""class:20"", ""D1:min"", ""class:26""]",
26,k3m26_G175,k3m26_G157,p,20,9*alpha-16,19,10,terminal,"[""D3:min"", ""class:17"", ""D3:min"", ""class:2"", ""D1:min"", ""class:20"", ""D1:min"", ""class:17"", ""D3:min"", ""class:2"", ""D1:min"", ""class:20"", ""D1:min"", ""class:17"", ""D3:min"", ""class:11"", ""D1:min"", ""class:5"", ""D2:retarded""]",
26,k3m26_G176,k3m26_G158,p,2,9*alpha-16,19,10,terminal,"[""D3:min"", ""class:17"", ""D3:min"", ""class:2"", ""D1:min"", ""class:20"", ""D1:min"", ""class:17"", ""D3:min"", ""class:2"", ""D1:min"", ""class:20"", ""D1:min"", ""class:17"", ""D3:min"", ""class:11"", ""D1:min"", ""class:14"", ""D2:retarded""]",
26,k3m26_G177,k3m26_G159,p,11,9*alpha-16,19,10,terminal,"[""D3:min"", ""class:17"", ""D3:min"", ""class:2"", ""D1:min"", ""class:20"", ""D1:min"", ""class:17"", ""D3:min"", ""class:2"", ""D1:min"", ""class:20"", ""D1:min"", ""class:17"", ""D3:min"", ""class:11"", ""D1:min"", ""class:23"", ""D2:retarded""]",
